producer, processor prod, processor model, cores, core base speed (GHz), ram type, ram cap (GB), ssd (GB), hdd (GB), gpu prod, gpu size (MB), screen type, screen size (inch), weight (kg), os, price(USD)
apple,intel, i7, 6, 2.6,ddr4, 16,0,256,amd, 4096,led ips, 15.4,1.83,macos  11.00,2499.5
apple,intel, i3, 2, 1.1,ddr4, 8,0,256,intel, 8192,led ips, 13.3,1.25,macos  11.00,799.5
apple,intel, i5, 4, 1.4,ddr3, 8,0,256,intel, 128,led ips, 13.3,1.37,macos  11.00,1049.0
apple,intel, i7, 6, 2.6,ddr4, 16,0,512,amd, 4096,led ips, 16.1,2.0,macos  11.00,2199.5
apple,intel, i5, 4, 2.0,ddr4, 16,0,512,intel, 8192,led ips, 13.3,1.4,macos  11.00,1699.5
asus,intel, i5, 2, 2.3,ddr3, 8,0,256,intel, 1700,led ips, 13.3,1.45,windows home 10.00,1620.0
asus,intel, i5, 2, 2.5,ddr4, 6,1000,0,intel, 1700,led tn, 13.3,1.5,windows home 10.00,878.5
asus,intel, i7, 4, 1.8,ddr4, 8,1000,128,intel, 1700,led ips, 15.6,1.7,windows home 10.00,867.5
asus,intel, i7, 4, 1.8,ddr4, 8,1000,256,nvidia, 2048,led ips, 15.6,1.7,windows home 10.00,2808.0
asus,intel, i5, 4, 1.6,ddr3, 8,0,512,intel, 1700,led ips, 14.0,1.4,windows home 10.00,800.0
asus,intel, i7, 6, 2.2,ddr4, 16,0,512,nvidia, 8192,led ips, 15.6,2.45,windows home 10.00,1999.5
asus,intel, i7, 4, 1.8,ddr3, 8,0,256,intel, 1700,led ips, 13.3,1.0,windows pro 10.00,990.5
asus,intel, i5, 4, 2.3,ddr4, 8,0,128,nvidia, 4096,led ips, 15.6,2.31,windows home 10.00,812.0
asus,intel, i7, 4, 1.8,ddr3, 8,0,256,intel, 1700,led ips, 13.3,1.12,windows home 10.00,1226.0
asus,intel, i5, 4, 1.6,ddr3, 8,0,256,intel, 1700,led ips, 14.0,1.19,windows home 10.00,1374.5
asus,intel, i7, 6, 2.2,ddr4, 16,0,512,nvidia, 3072,led ips, 17.3,2.75,windows home 10.00,1256.5
asus,intel, i7, 4, 1.8,ddr4, 16,0,512,nvidia, 2048,led ips, 13.9,1.1,windows pro 10.00,1199.5
asus,intel, i5, 4, 1.6,ddr3, 8,0,256,intel, 1700,led ips, 13.3,1.19,windows home 10.00,897.5
asus,intel, i7, 4, 1.8,ddr3, 16,0,512,intel, 1700,led ips, 13.3,1.0,windows pro 10.00,1500.0
asus,intel, i5, 4, 1.6,ddr4, 8,0,256,nvidia, 2048,led ips, 13.3,1.12,windows home 10.00,989.5
asus,amd, ryzen 5, 4, 2.1,ddr4, 8,0,256,amd, 2048,led ips, 14.0,1.5,windows home 10.00,599.5
asus,intel, i7, 6, 2.6,ddr4, 16,0,1024,nvidia, 8192,led ips, 15.6,2.0,windows pro 10.00,1999.5
asus,intel, i7, 6, 2.6,ddr4, 16,0,512,nvidia, 6144,led ips, 15.6,2.0,windows home 10.00,1400.0
asus,amd, ryzen 5, 4, 2.1,ddr4, 8,0,256,amd, 4096,led ips, 15.6,2.3,windows home 10.00,580.5
asus,intel, i7, 6, 2.6,ddr4, 16,0,1024,nvidia, 8192,led ips, 17.3,2.7,windows home 10.00,3399.5
asus,amd, ryzen 7, 4, 2.3,ddr4, 8,0,256,nvidia, 6144,led ips, 15.6,2.3,windows home 10.00,1199.5
asus,intel, i7, 6, 2.6,ddr4, 8,0,512,nvidia, 4096,led ips, 15.6,2.4,windows home 10.00,900.0
asus,intel, i7, 6, 2.6,ddr4, 16,0,512,nvidia, 6144,led ips, 15.6,1.9,windows pro 10.00,1449.0
asus,intel, i7, 6, 2.6,ddr4, 16,0,512,nvidia, 8192,led ips, 15.6,2.57,windows pro 10.00,1598.5
asus,intel, i5, 4, 1.6,ddr3, 8,0,256,intel, 1700,led ips, 14.0,1.45,windows home 10.00,877.5
asus,amd, ryzen 5, 4, 2.1,ddr4, 8,0,256,amd, 2048,led tn, 15.6,1.59,windows home 10.00,499.5
asus,intel, i5, 4, 1.6,ddr4, 8,0,256,intel, 1700,led ips, 15.6,1.8,windows home 10.00,748.0
asus,intel, i7, 6, 2.6,ddr4, 16,0,1024,nvidia, 6144,led ips, 15.6,2.4,windows home 10.00,1879.5
asus,amd, ryzen 5, 4, 2.1,ddr4, 8,0,256,amd, 2048,led ips, 14.0,1.6,windows home 10.00,550.5
asus,intel, i5, 4, 1.6,ddr4, 8,0,512,intel, 1700,led ips, 15.6,1.8,windows home 10.00,755.5
asus,intel, i3, 2, 2.1,ddr4, 8,0,128,intel, 1700,led ips, 15.6,1.59,windows home 10.00,668.5
asus,amd, ryzen 7, 4, 2.3,ddr4, 8,0,512,nvidia, 4096,led ips, 17.3,2.75,windows home 10.00,2529.0
asus,amd, ryzen 7, 4, 2.3,ddr4, 16,0,512,nvidia, 6144,led ips, 15.6,2.3,windows home 10.00,1107.0
asus,intel, i7, 6, 2.6,ddr4, 16,0,512,nvidia, 4096,led ips, 17.3,2.85,windows home 10.00,1228.0
asus,intel, i7, 6, 2.6,ddr4, 8,0,512,nvidia, 4096,led ips, 15.6,2.4,windows home 10.00,899.5
asus,intel, i7, 6, 2.6,ddr4, 16,0,1024,nvidia, 6144,led ips, 15.6,1.9,windows home 10.00,1500.0
asus,intel, i7, 6, 2.6,ddr4, 48,0,1024,nvidia, 16384,led ips, 15.6,1.95,windows pro 10.00,3891.5
asus,intel, i7, 6, 2.6,ddr4, 16,1000,256,nvidia, 4096,led ips, 15.6,2.14,windows home 10.00,1479.5
asus,intel, i7, 4, 1.8,ddr4, 12,0,256,intel, 1700,led ips, 15.6,1.7,windows home 10.00,1124.0
asus,intel, i7, 6, 2.6,ddr4, 16,0,1024,nvidia, 6144,oled, 15.6,2.5,windows pro 10.00,2219.0
asus,intel, i7, 6, 2.6,ddr4, 16,0,1024,nvidia, 8192,led ips, 15.6,1.9,windows home 10.00,1690.5
asus,intel, i5, 4, 1.6,ddr3, 8,0,512,intel, 1700,led ips, 13.3,1.12,windows home 10.00,998.5
asus,intel, i7, 6, 2.6,ddr4, 16,0,512,nvidia, 8192,led ips, 15.6,2.1,windows home 10.00,2998.5
asus,amd, ryzen 7, 8, 2.9,ddr4, 8,0,512,nvidia, 6144,led ips, 15.6,2.3,windows home 10.00,900.0
asus,intel, i5, 4, 2.4,ddr4, 8,0,512,intel, 8192,led ips, 13.3,1.18,windows home 10.00,665.5
asus,intel, i7, 6, 2.6,ddr4, 16,0,1024,nvidia, 6144,led ips, 17.0,2.39,windows pro 10.00,1999.5
asus,intel, i5, 4, 1.6,ddr4, 12,0,256,intel, 1700,led ips, 15.6,1.9,windows home 10.00,799.5
asus,intel, i7, 4, 1.8,ddr4, 16,0,1024,nvidia, 2048,led ips, 14.0,1.5,windows pro 10.00,1445.0
asus,intel, i7, 6, 2.6,ddr4, 16,0,1024,nvidia, 6144,oled, 15.6,2.5,windows pro 10.00,2269.5
asus,intel, i5, 4, 1.6,ddr4, 8,0,512,intel, 1700,led ips, 14.0,1.23,windows pro 10.00,1152.5
asus,intel, i7, 4, 1.8,ddr3, 16,0,512,nvidia, 2048,led ips, 14.0,1.26,windows home 10.00,1156.5
asus,amd, ryzen 5, 4, 2.1,ddr4, 8,0,512,amd, 2048,led tn, 15.6,1.7,windows home 10.00,599.5
asus,intel, i7, 4, 1.8,ddr4, 16,0,512,nvidia, 4096,led ips, 15.6,1.65,windows home 10.00,1149.0
asus,amd, ryzen 7, 8, 2.9,ddr4, 8,0,512,nvidia, 6144,led ips, 15.6,2.3,windows home 10.00,999.5
asus,amd, ryzen 7, 8, 2.9,ddr4, 16,0,1024,nvidia, 6144,led ips, 17.3,2.58,windows home 10.00,1099.5
asus,amd, ryzen 7, 8, 2.9,ddr4, 16,0,512,nvidia, 6144,led ips, 15.6,2.1,windows pro 10.00,1330.0
asus,intel, i7, 8, 2.3,ddr4, 16,0,1024,nvidia, 8192,led ips, 15.6,2.57,windows home 10.00,2058.5
asus,intel, i7, 6, 2.6,ddr4, 32,0,1024,nvidia, 8192,led ips, 17.3,2.85,windows pro 10.00,1700.0
asus,intel, i7, 6, 2.6,ddr4, 16,0,512,nvidia, 8192,led ips, 17.3,2.85,windows home 10.00,1559.5
asus,intel, i7, 6, 2.6,ddr4, 8,0,512,nvidia, 6144,led ips, 17.3,2.85,windows home 10.00,1149.0
asus,intel, i7, 8, 2.3,ddr4, 16,0,1024,nvidia, 8192,led ips, 15.6,2.0,windows home 10.00,2300.0
asus,intel, i7, 4, 1.8,ddr4, 16,1000,128,intel, 1700,led ips, 15.6,1.9,windows home 10.00,1125.0
asus,amd, ryzen 5, 6, 2.3,ddr4, 8,0,256,nvidia, 2048,led ips, 14.0,1.15,windows home 10.00,620.0
asus,intel, i3, 2, 1.2,ddr4, 8,0,128,intel, 8192,led ips, 15.6,1.75,windows home 10.00,500.0
asus,amd, ryzen 3, 2, 2.6,ddr4, 8,1000,128,amd, 2048,led ips, 17.3,2.3,windows home 10.00,690.5
asus,intel, i7, 6, 2.6,ddr4, 16,0,1024,nvidia, 8192,led ips, 15.6,1.9,windows home 10.00,1530.0
asus,intel, i7, 4, 1.8,ddr4, 16,0,512,intel, 1700,led ips, 14.0,1.0,windows pro 10.00,1660.5
asus,intel, i5, 4, 1.6,ddr4, 8,0,512,intel, 1700,led ips, 15.6,1.8,windows home 10.00,600.0
asus,intel, i7, 8, 2.3,ddr4, 32,0,8192,nvidia, 8192,led ips, 17.3,2.9,windows home 10.00,101.0
asus,intel, i7, 6, 2.6,ddr4, 32,0,1024,nvidia, 6144,led ips, 15.6,1.98,windows pro 10.00,1999.5
asus,intel, i7, 6, 2.6,ddr4, 32,0,1024,nvidia, 6144,led ips, 17.0,2.39,windows pro 10.00,1999.5
asus,intel, i5, 4, 1.6,ddr4, 8,0,512,nvidia, 2048,led ips, 15.6,1.8,windows home 10.00,700.0
asus,intel, i7, 4, 1.8,ddr3, 16,0,512,intel, 1700,led ips, 13.3,1.27,windows home 10.00,2200.0
asus,amd, ryzen 7, 8, 2.9,ddr4, 24,0,1024,nvidia, 6144,led ips, 15.6,2.1,windows home 10.00,1029.0
asus,intel, i7, 8, 2.3,ddr4, 32,0,2048,nvidia, 8192,led ips, 15.6,2.4,windows home 10.00,3000.0
asus,intel, i7, 8, 2.3,ddr4, 32,0,1024,nvidia, 8192,led ips, 15.6,2.0,windows home 10.00,2508.0
asus,intel, i7, 4, 1.8,ddr4, 8,0,512,intel, 1700,led ips, 14.0,1.5,windows home 10.00,1000.0
asus,intel, i5, 4, 1.0,ddr4, 8,0,512,intel, 8192,led ips, 14.0,1.17,windows home 10.00,749.0
asus,amd, ryzen 5, 6, 2.3,ddr4, 8,0,256,amd, 2048,led ips, 14.0,1.5,windows home 10.00,600.0
asus,intel, i5, 4, 1.0,ddr4, 8,0,256,intel, 8192,led ips, 13.3,1.11,windows home 10.00,799.5
asus,intel, i7, 4, 1.8,ddr4, 16,0,512,nvidia, 2048,led ips, 13.3,1.22,windows home 10.00,1137.0
asus,amd, ryzen 5, 6, 3.0,ddr4, 8,0,512,nvidia, 4096,led ips, 15.6,2.3,windows home 10.00,750.5
asus,amd, ryzen 5, 6, 2.3,ddr4, 8,0,512,amd, 2048,led ips, 15.6,1.8,windows home 10.00,600.0
asus,intel, i7, 6, 2.6,ddr4, 16,0,1024,nvidia, 8192,led ips, 15.6,2.3,windows home 10.00,1399.5
asus,intel, i7, 4, 1.8,ddr4, 16,0,1024,nvidia, 2048,led ips, 15.6,1.8,windows home 10.00,1000.0
asus,intel, i7, 4, 1.8,ddr4, 20,1000,512,intel, 1700,led ips, 17.3,2.3,windows home 10.00,1175.5
asus,intel, i7, 6, 2.6,ddr4, 16,0,1024,nvidia, 8192,led ips, 17.3,2.6,windows home 10.00,2299.5
asus,intel, i5, 4, 1.0,ddr4, 8,0,512,intel, 8192,led ips, 13.3,1.3,windows home 10.00,888.5
asus,intel, i7, 6, 2.6,ddr4, 8,0,512,nvidia, 4096,led ips, 15.6,2.3,windows home 10.00,899.5
asus,intel, i3, 2, 1.2,ddr4, 4,0,128,intel, 8192,led ips, 15.6,1.75,windows home 10.00,350.5
asus,amd, ryzen 5, 6, 2.3,ddr4, 8,0,512,nvidia, 2048,led ips, 14.0,1.15,windows home 10.00,719.0
asus,amd, ryzen 7, 8, 2.9,ddr4, 8,0,512,nvidia, 4096,led ips, 14.0,1.6,windows home 10.00,980.5
asus,amd, ryzen 5, 6, 3.0,ddr4, 32,0,1024,nvidia, 4096,led ips, 15.6,2.3,windows home 10.00,1149.0
asus,intel, i5, 4, 1.6,ddr4, 8,0,512,intel, 1700,led ips, 14.0,1.4,windows home 10.00,650.5
asus,intel, i5, 4, 1.0,ddr4, 8,0,256,intel, 8192,led ips, 15.6,1.8,windows home 10.00,600.0
asus,amd, ryzen 7, 8, 2.0,ddr4, 16,0,1024,amd, 2048,led ips, 14.0,1.22,windows pro 10.00,1080.5
asus,intel, i7, 6, 2.6,ddr4, 16,0,512,nvidia, 4096,led ips, 15.6,2.3,windows home 10.00,1100.0
asus,intel, i7, 6, 2.6,ddr4, 16,0,512,nvidia, 6144,led ips, 15.6,1.9,windows home 10.00,1000.0
asus,intel, i7, 6, 2.6,ddr4, 16,0,1024,nvidia, 6144,led ips, 15.6,1.9,windows home 10.00,1650.5
asus,intel, i7, 6, 2.6,ddr4, 16,1000,256,nvidia, 4096,led ips, 15.6,2.0,windows home 10.00,1000.0
asus,intel, i7, 8, 2.3,ddr4, 32,0,1024,nvidia, 8192,led ips, 17.3,2.6,windows home 10.00,2999.5
asus,intel, i7, 4, 2.8,ddr4, 16,0,1024,intel, 8192,led ips, 13.9,1.35,windows pro 10.00,1699.5
asus,intel, i7, 4, 1.3,ddr4, 16,0,1024,intel, 8192,led ips, 13.9,1.35,windows pro 10.00,1699.5
asus,intel, i7, 4, 1.8,ddr4, 16,0,1024,nvidia, 4096,led ips, 15.6,1.9,windows home 10.00,1400.0
asus,intel, i7, 6, 2.6,ddr4, 16,0,512,nvidia, 6144,led ips, 15.6,2.3,windows home 10.00,1199.5
asus,intel, i7, 6, 2.6,ddr4, 16,0,512,nvidia, 6144,led ips, 17.3,2.85,windows home 10.00,1499.5
asus,intel, i7, 6, 2.6,ddr4, 16,0,1024,nvidia, 6144,led ips, 17.3,2.6,windows home 10.00,2000.0
asus,amd, ryzen 7, 8, 2.9,ddr4, 16,0,512,nvidia, 6144,led ips, 14.0,1.7,windows home 10.00,1300.0
asus,intel, i5, 4, 1.6,ddr4, 8,0,512,intel, 1700,led ips, 14.0,1.5,windows home 10.00,750.5
asus,intel, i5, 4, 1.6,ddr4, 8,0,256,intel, 1700,led ips, 14.0,1.6,windows home 10.00,800.0
asus,intel, i5, 4, 2.4,ddr4, 8,0,512,intel, 8192,led ips, 14.0,1.4,windows home 10.00,699.5
asus,intel, i7, 4, 2.8,ddr4, 16,0,1024,intel, 8192,led ips, 15.6,1.8,windows home 10.00,999.5
asus,intel, i5, 4, 2.4,ddr4, 8,0,512,intel, 8192,led ips, 15.6,1.8,windows home 10.00,699.5
asus,intel, i7, 4, 2.8,ddr4, 8,0,512,intel, 8192,led ips, 13.3,1.11,windows home 10.00,899.5
asus,intel, i3, 2, 2.1,ddr4, 8,0,128,intel, 1700,led ips, 14.0,1.18,chrome os  0.00,700.0
asus,amd, ryzen 7, 8, 2.0,ddr4, 16,0,512,amd, 2048,led ips, 15.6,1.7,windows home 10.00,849.0
asus,intel, i5, 4, 2.4,ddr4, 8,0,512,intel, 8192,led ips, 13.3,1.3,windows home 10.00,949.0
asus,intel, i7, 4, 2.8,ddr4, 16,0,1024,intel, 8192,oled, 13.3,1.2,windows pro 10.00,1550.5
asus,intel, i7, 4, 2.8,ddr4, 8,0,512,intel, 8192,led ips, 14.0,1.17,windows home 10.00,899.5
asus,intel, i7, 4, 1.8,ddr4, 8,1000,256,intel, 1700,led ips, 15.6,1.8,windows home 10.00,800.0
asus,intel, i7, 6, 2.6,ddr4, 32,2000,2048,nvidia, 8192,led ips, 17.3,2.85,windows home 10.00,3599.5
asus,intel, i5, 4, 2.5,ddr4, 8,0,256,nvidia, 4096,led ips, 15.6,2.3,windows home 10.00,650.5
asus,intel, i5, 4, 1.0,ddr4, 8,1000,128,intel, 8192,led ips, 17.3,2.3,windows home 10.00,769.5
asus,amd, ryzen 7, 8, 2.9,ddr4, 16,1000,512,nvidia, 4096,led ips, 17.3,2.58,windows home 10.00,1000.0
asus,intel, i5, 4, 2.4,ddr4, 8,0,512,nvidia, 2048,led ips, 15.6,1.7,windows home 10.00,700.0
asus,intel, i5, 4, 1.0,ddr4, 8,0,512,intel, 8192,led ips, 13.3,1.18,windows home 10.00,675.5
asus,intel, i7, 4, 1.8,ddr4, 16,0,512,nvidia, 2048,led ips, 14.0,1.4,windows home 10.00,1170.5
asus,intel, i7, 6, 2.6,ddr4, 16,0,1024,nvidia, 4096,led ips, 15.6,2.0,windows pro 10.00,1530.0
asus,intel, i5, 4, 2.4,ddr4, 8,0,512,nvidia, 4096,led ips, 15.6,2.3,windows home 10.00,700.0
asus,intel, i7, 4, 2.8,ddr4, 16,0,512,nvidia, 2048,led ips, 14.0,1.18,windows pro 10.00,1200.0
asus,intel, i7, 4, 2.8,ddr4, 16,0,1024,intel, 8192,led ips, 14.0,0.86,windows pro 10.00,1700.0
asus,intel, i5, 4, 2.4,ddr4, 8,0,512,nvidia, 6144,led ips, 15.6,2.4,windows home 10.00,1521.0
asus,intel, i7, 4, 1.8,ddr4, 16,0,1024,nvidia, 4096,led ips, 15.6,1.9,windows home 10.00,1380.5
asus,intel, i7, 6, 2.6,ddr4, 16,1000,256,nvidia, 4096,led ips, 15.6,2.0,windows pro 10.00,1299.5
asus,amd, ryzen 7, 8, 2.0,ddr4, 8,0,256,nvidia, 2048,led ips, 15.6,1.9,windows home 10.00,840.0
hp,intel, i5, 4, 1.6,ddr4, 8,0,256,intel, 1700,led ips, 15.6,2.1,windows pro 10.00,1478.5
hp,intel, i7, 4, 1.8,ddr4, 16,0,256,intel, 1700,led ips, 13.3,1.25,windows pro 10.00,1549.0
hp,intel, i5, 4, 1.6,ddr4, 8,0,256,intel, 1700,led ips, 13.3,1.55,windows pro 10.00,1548.0
hp,intel, i5, 4, 1.6,ddr4, 16,0,512,intel, 1700,led ips, 14.0,1.48,windows pro 10.00,1675.5
hp,amd, ryzen 5, 4, 2.0,ddr4, 8,0,256,amd, 2048,led ips, 14.0,1.61,windows pro 10.00,1128.0
hp,intel, i3, 2, 2.2,ddr4, 8,1000,0,intel, 1700,led tn, 15.6,1.77,windows home 10.00,624.0
hp,intel, i7, 6, 2.6,ddr4, 8,0,256,nvidia, 2048,led ips, 15.6,2.14,windows pro 10.00,1386.5
hp,intel, i7, 6, 2.6,ddr4, 16,0,512,nvidia, 4096,led ips, 15.6,2.26,windows pro 10.00,1742.0
hp,intel, i7, 4, 1.8,ddr4, 16,0,512,nvidia, 2048,led ips, 15.6,2.17,windows home 10.00,1955.5
hp,intel, i7, 6, 2.6,ddr4, 16,0,512,nvidia, 4096,led ips, 15.6,2.17,windows home 10.00,1600.0
hp,intel, i7, 6, 2.6,ddr4, 16,0,512,nvidia, 4096,led ips, 15.6,2.09,windows pro 10.00,1554.5
hp,intel, i7, 4, 1.8,ddr4, 16,0,512,intel, 1700,led ips, 13.3,1.32,windows home 10.00,1300.0
hp,intel, i5, 4, 1.6,ddr4, 16,0,512,intel, 1700,led ips, 15.6,2.0,windows pro 10.00,1150.5
hp,intel, i7, 4, 1.8,ddr4, 8,0,256,intel, 1700,led ips, 13.3,1.49,windows pro 10.00,999.5
hp,intel, i5, 4, 1.6,ddr4, 4,0,128,intel, 1700,led tn, 14.0,1.6,windows pro 10.00,749.0
hp,amd, ryzen 5, 4, 2.1,ddr4, 8,0,256,amd, 2048,led ips, 14.0,1.6,windows pro 10.00,699.5
hp,amd, ryzen 7, 4, 2.3,ddr4, 16,0,512,amd, 2048,led ips, 15.6,1.9,windows pro 10.00,999.5
hp,intel, i5, 4, 1.6,ddr4, 8,0,128,intel, 1700,led ips, 14.0,1.68,windows home 10.00,679.5
hp,intel, i7, 4, 1.8,ddr4, 16,0,512,amd, 4096,led ips, 14.0,1.48,windows pro 10.00,1207.0
hp,intel, i7, 4, 1.9,ddr4, 16,0,512,intel, 1700,led ips, 15.6,1.77,windows pro 10.00,1403.0
hp,intel, i5, 4, 1.6,ddr4, 8,0,256,intel, 1700,led ips, 13.3,1.35,windows pro 10.00,999.5
hp,intel, i5, 4, 1.6,ddr4, 8,0,256,intel, 1700,led ips, 13.3,1.55,windows pro 10.00,1108.0
hp,intel, i7, 4, 1.8,ddr4, 16,0,256,intel, 1700,led ips, 14.0,1.48,windows pro 10.00,1265.5
hp,intel, i5, 4, 1.6,ddr4, 8,0,256,intel, 1700,led ips, 15.6,1.78,windows pro 10.00,1388.5
hp,intel, i5, 4, 2.4,ddr4, 12,1000,128,nvidia, 4096,led ips, 15.6,2.52,windows home 10.00,1099.5
hp,intel, i7, 6, 2.6,ddr4, 16,0,512,nvidia, 8192,led ips, 15.6,2.35,windows home 10.00,1920.0
hp,amd, ryzen 5, 4, 2.1,ddr4, 8,0,256,amd, 2048,led ips, 15.6,2.09,windows home 10.00,642.0
hp,intel, i7, 4, 1.8,ddr4, 16,0,256,intel, 1700,led tn, 17.3,2.45,windows home 10.00,1100.0
hp,intel, i5, 4, 1.6,ddr4, 8,0,512,intel, 1700,led tn, 15.6,1.92,windows home 10.00,759.5
hp,intel, i5, 4, 2.4,ddr4, 8,0,256,nvidia, 4096,led ips, 15.6,2.25,windows home 10.00,705.0
hp,intel, i5, 4, 1.6,ddr3, 8,0,256,intel, 1700,led ips, 12.3,1.2,windows pro 10.00,1433.0
hp,intel, i5, 4, 1.6,ddr4, 16,0,256,intel, 1700,led ips, 14.0,1.36,windows pro 10.00,1636.0
hp,intel, i7, 4, 1.9,ddr4, 16,0,512,intel, 1700,led ips, 13.3,1.27,windows pro 10.00,1300.0
hp,intel, i5, 4, 1.6,ddr4, 8,0,256,intel, 1700,led ips, 14.0,1.95,windows pro 10.00,924.0
hp,amd, ryzen 5, 4, 2.1,ddr4, 12,0,256,amd, 2048,led tn, 17.3,2.55,windows home 10.00,466.5
hp,intel, i7, 6, 2.6,ddr4, 16,0,512,nvidia, 4096,led ips, 17.3,3.2,windows pro 10.00,2268.5
hp,intel, i7, 6, 2.3,ddr4, 32,0,512,nvidia, 4096,led ips, 15.6,2.6,windows pro 10.00,1550.5
hp,intel, i5, 4, 1.6,ddr4, 16,0,256,intel, 1700,led ips, 15.6,2.4,windows pro 10.00,907.0
hp,amd, ryzen 5, 4, 2.1,ddr4, 8,0,256,amd, 2048,led ips, 15.6,1.93,windows home 10.00,626.0
hp,intel, i3, 2, 2.1,ddr4, 8,0,128,intel, 1700,led ips, 13.3,1.3,windows home 10.00,736.0
hp,amd, ryzen 3, 2, 2.6,ddr4, 4,0,128,amd, 2048,led tn, 14.0,1.47,windows home 10.00,367.5
hp,intel, i7, 6, 2.6,ddr4, 16,1000,256,nvidia, 6144,led ips, 17.3,2.92,windows home 10.00,1438.0
hp,amd, ryzen 5, 4, 2.1,ddr4, 8,0,256,nvidia, 3072,led ips, 15.6,2.34,windows home 10.00,942.0
hp,intel, i7, 6, 2.6,ddr4, 16,0,512,intel, 1700,led ips, 17.3,3.2,windows pro 10.00,2827.0
hp,intel, i7, 6, 2.6,ddr4, 16,0,512,intel, 1700,led ips, 15.6,2.6,windows pro 10.00,2560.5
hp,amd, ryzen 3, 4, 2.1,ddr4, 8,0,256,amd, 2048,led ips, 14.0,1.51,windows pro 10.00,1039.0
hp,intel, i7, 4, 1.8,ddr4, 16,1000,256,nvidia, 2048,led ips, 17.3,2.78,windows pro 10.00,1122.0
hp,intel, i7, 4, 1.8,ddr4, 8,0,256,intel, 1700,led ips, 13.3,1.17,windows home 10.00,895.5
hp,intel, i7, 4, 1.8,ddr4, 8,0,512,intel, 1700,led ips, 15.6,2.05,windows home 10.00,885.5
hp,amd, ryzen 7, 4, 2.3,ddr4, 16,0,512,amd, 2048,led ips, 13.3,1.44,windows pro 10.00,1306.0
hp,intel, i5, 4, 2.4,ddr4, 8,0,256,nvidia, 3072,led ips, 17.3,2.75,windows home 10.00,887.5
hp,intel, i5, 4, 1.6,ddr4, 16,0,256,intel, 1700,led ips, 14.0,1.58,windows home 10.00,700.0
hp,intel, i3, 2, 2.1,ddr4, 8,0,128,intel, 1700,led ips, 13.3,1.0,windows home 10.00,1604.0
hp,intel, i5, 4, 1.6,ddr4, 12,0,256,intel, 1700,led ips, 17.3,2.38,windows home 10.00,682.5
hp,intel, i5, 4, 1.0,ddr4, 12,0,512,intel, 8192,led ips, 15.6,1.93,windows home 10.00,677.5
hp,intel, i7, 4, 1.8,ddr4, 16,0,512,nvidia, 2048,led ips, 15.6,2.18,windows home 10.00,1307.0
hp,intel, i5, 4, 1.6,ddr4, 8,0,512,intel, 1700,led tn, 15.6,1.92,windows home 10.00,656.5
hp,intel, i5, 4, 1.1,ddr4, 8,0,256,intel, 8192,oled, 13.3,1.27,windows home 10.00,875.5
hp,intel, i7, 6, 2.6,ddr4, 16,0,1024,nvidia, 8192,oled, 15.6,2.35,windows home 10.00,2500.0
hp,intel, i3, 2, 1.2,ddr4, 4,0,128,intel, 8192,led tn, 14.0,1.47,windows home 10.00,311.0
hp,intel, i3, 2, 2.1,ddr4, 4,0,256,intel, 1700,led tn, 15.6,2.03,windows pro 10.00,701.0
hp,intel, i3, 2, 2.1,ddr4, 4,0,256,intel, 1700,led tn, 14.0,1.61,windows pro 10.00,452.5
hp,intel, i5, 4, 1.6,ddr4, 8,0,512,amd, 2048,led ips, 14.0,1.47,windows home 10.00,764.5
hp,intel, i7, 4, 1.3,ddr4, 8,0,512,intel, 8192,led ips, 13.3,1.17,windows home 10.00,814.0
hp,intel, i5, 4, 1.0,ddr4, 8,0,256,intel, 8192,led ips, 14.0,1.6,windows home 10.00,500.0
hp,intel, i5, 4, 1.0,ddr4, 8,0,512,intel, 8192,led ips, 13.3,1.3,windows home 10.00,772.5
hp,intel, i5, 4, 1.6,ddr4, 8,0,256,amd, 2048,led ips, 17.3,2.36,windows pro 10.00,889.5
hp,intel, i5, 4, 1.0,ddr4, 12,0,256,intel, 8192,led tn, 15.6,1.75,windows home 10.00,510.0
hp,intel, i7, 4, 1.8,ddr4, 8,0,128,intel, 1700,led tn, 15.6,1.77,windows home 10.00,710.0
hp,intel, i5, 4, 1.0,ddr4, 8,0,256,intel, 8192,led tn, 14.0,1.58,windows home 10.00,612.0
hp,intel, i3, 2, 1.2,ddr4, 8,0,128,intel, 8192,led tn, 14.0,1.61,windows home 10.00,510.0
hp,intel, i5, 4, 2.5,ddr4, 8,0,256,nvidia, 4096,led ips, 17.3,2.75,windows home 10.00,750.5
hp,intel, i3, 2, 2.1,ddr4, 4,0,256,intel, 1700,led tn, 13.3,1.68,windows pro 10.00,701.0
hp,amd, ryzen 5, 4, 2.1,ddr4, 12,0,256,amd, 2048,led tn, 15.6,1.7,windows home 10.00,557.5
hp,intel, i7, 4, 1.3,ddr4, 8,1000,0,intel, 8192,led tn, 17.3,2.46,windows home 10.00,530.0
hp,amd, ryzen 3, 4, 2.7,ddr4, 4,0,256,amd, 2048,led ips, 14.0,1.6,windows pro 10.00,601.0
hp,amd, ryzen 3, 4, 2.7,ddr4, 4,0,256,amd, 2048,led tn, 15.6,2.0,windows pro 10.00,601.0
hp,intel, i3, 2, 1.0,ddr4, 8,0,128,intel, 1700,led tn, 11.6,1.43,windows home 10.00,607.0
hp,intel, i5, 4, 1.0,ddr4, 8,0,256,intel, 8192,led ips, 15.6,1.97,windows home 10.00,737.0
hp,amd, ryzen 5, 6, 2.3,ddr4, 8,0,128,amd, 2048,led ips, 13.3,1.32,windows home 10.00,660.5
hp,intel, i7, 6, 2.6,ddr4, 16,0,256,nvidia, 4096,led ips, 15.6,1.92,windows home 10.00,1270.5
hp,intel, i5, 4, 1.0,ddr4, 8,0,512,nvidia, 2048,led ips, 17.3,2.73,windows home 10.00,760.5
hp,intel, i3, 2, 2.1,ddr4, 8,0,0,intel, 1700,led ips, 14.0,1.65,chrome os  0.00,480.5
hp,intel, i5, 4, 2.5,ddr4, 8,1000,0,nvidia, 4096,led ips, 16.1,2.34,windows home 10.00,670.5
hp,amd, ryzen 5, 6, 2.3,ddr4, 8,0,256,amd, 2048,led ips, 15.6,2.0,windows home 10.00,712.0
hp,intel, i7, 6, 2.6,ddr4, 8,0,512,nvidia, 6144,led ips, 15.6,2.39,windows home 10.00,913.0
hp,amd, ryzen 5, 6, 2.3,ddr4, 8,0,256,amd, 2048,led ips, 15.6,2.05,windows home 10.00,556.5
hp,intel, i7, 4, 1.3,ddr4, 8,0,256,intel, 8192,led ips, 13.3,1.31,windows home 10.00,760.5
hp,intel, i5, 4, 2.5,ddr4, 8,0,512,nvidia, 6144,led ips, 17.3,2.92,windows home 10.00,1000.0
hp,intel, i5, 4, 2.5,ddr4, 16,0,256,nvidia, 3072,led ips, 15.6,2.23,windows home 10.00,820.0
hp,intel, i5, 4, 1.0,ddr4, 12,0,256,intel, 8192,led tn, 15.6,1.7,windows home 10.00,460.5
hp,intel, i7, 4, 1.2,ddr4, 16,0,256,intel, 1700,led ips, 13.3,1.47,windows home 10.00,1100.0
hp,intel, i7, 4, 1.8,ddr4, 8,0,512,intel, 1700,led ips, 15.6,2.04,windows home 10.00,711.0
hp,intel, i5, 4, 1.6,ddr4, 8,0,128,intel, 1700,led ips, 14.0,1.58,windows home 10.00,699.5
hp,amd, ryzen 3, 4, 2.7,ddr4, 4,0,128,amd, 2048,led ips, 13.3,1.49,windows pro 10.00,701.0
hp,intel, i7, 6, 2.6,ddr4, 16,0,256,nvidia, 4096,led ips, 15.6,2.15,windows home 10.00,1150.5
hp,intel, i5, 4, 2.5,ddr4, 8,0,256,nvidia, 4096,led ips, 15.6,2.36,windows home 10.00,900.0
hp,amd, ryzen 7, 8, 2.9,ddr4, 8,0,512,nvidia, 6144,led ips, 15.6,2.37,windows home 10.00,982.5
hp,intel, i7, 6, 2.6,ddr4, 8,0,512,nvidia, 4096,led ips, 15.6,2.38,windows home 10.00,899.5
hp,intel, i5, 4, 1.6,ddr4, 8,0,128,intel, 1700,led ips, 14.0,1.41,windows home 10.00,1225.0
hp,intel, i3, 2, 2.1,ddr4, 4,0,128,intel, 1700,led tn, 14.0,1.43,windows home 10.00,1011.0
hp,intel, i5, 4, 1.6,ddr4, 8,0,256,intel, 1700,led ips, 14.0,1.45,windows home 10.00,1260.5
hp,intel, i5, 4, 1.6,ddr4, 16,0,128,intel, 1700,led ips, 13.3,1.32,no os  0.00,1250.5
hp,intel, i5, 4, 1.6,ddr4, 8,0,128,intel, 1700,led ips, 14.0,1.32,no os  0.00,1688.5
hp,intel, i5, 4, 1.6,ddr4, 8,0,256,intel, 1700,led ips, 13.3,1.35,windows pro 10.00,1164.5
hp,intel, i7, 6, 1.1,ddr4, 8,0,128,intel, 1700,led ips, 15.6,1.76,no os  0.00,1429.0
hp,amd, ryzen 5, 6, 3.0,ddr4, 8,0,256,nvidia, 4096,led ips, 15.6,1.98,windows home 10.00,650.5
hp,intel, i5, 4, 1.6,ddr4, 8,0,256,intel, 1700,led ips, 13.3,1.31,windows pro 10.00,1319.0
hp,intel, i7, 4, 1.8,ddr4, 12,0,256,intel, 1700,led ips, 15.6,1.85,windows pro 10.00,900.0
hp,intel, i5, 4, 1.6,ddr4, 8,0,128,intel, 1700,led ips, 15.6,1.76,no os  0.00,1188.5
hp,intel, i7, 6, 2.6,ddr4, 16,1000,512,nvidia, 6144,led ips, 15.6,2.23,windows home 10.00,1650.5
hp,intel, i3, 2, 2.2,ddr4, 8,1000,0,intel, 1700,led ips, 15.6,1.98,windows home 10.00,685.5
hp,intel, i7, 8, 2.3,ddr4, 16,0,512,nvidia, 8192,led ips, 17.3,2.14,no os  0.00,1699.5
hp,intel, i5, 4, 2.6,ddr4, 16,0,256,nvidia, 8192,led ips, 15.6,2.02,linux ubuntu 0.00,2106.0
hp,amd, ryzen 5, 6, 2.1,ddr4, 16,0,512,amd, 2048,led ips, 13.3,1.36,windows pro 10.00,1056.5
hp,amd, ryzen 3, 4, 2.5,ddr4, 4,0,128,amd, 2048,led ips, 14.0,1.47,no os  0.00,931.0
hp,amd, ryzen 3, 4, 2.5,ddr4, 4,0,128,amd, 2048,led ips, 15.6,1.77,no os  0.00,874.5
hp,intel, i7, 6, 2.6,ddr4, 8,0,256,intel, 1700,led ips, 15.6,1.79,windows pro 10.00,1218.0
hp,intel, i3, 2, 2.1,ddr4, 8,0,128,intel, 1700,led ips, 13.5,1.33,chrome os  0.00,1007.0
hp,intel, i3, 2, 2.1,ddr4, 8,0,0,intel, 1700,led ips, 14.0,1.65,chrome os  0.00,475.5
hp,intel, i5, 4, 1.0,ddr4, 8,1000,0,intel, 8192,led tn, 14.0,1.6,windows home 10.00,550.5
hp,intel, i5, 4, 2.5,ddr4, 8,0,256,intel, 1700,led ips, 15.6,2.42,no os  0.00,1386.5
hp,intel, i5, 4, 2.5,ddr4, 8,0,256,intel, 1700,led ips, 17.3,2.96,no os  0.00,1050.5
hp,intel, i5, 4, 2.5,ddr4, 8,0,256,intel, 1700,led ips, 15.6,1.92,no os  0.00,1161.5
hp,amd, ryzen 5, 6, 2.3,ddr4, 16,0,256,amd, 2048,led ips, 15.6,1.75,windows home 10.00,487.5
hp,intel, i5, 4, 2.4,ddr4, 8,1000,128,intel, 8192,led ips, 17.3,2.73,windows home 10.00,700.0
hp,intel, i5, 4, 2.4,ddr4, 8,0,256,intel, 8192,led tn, 14.0,1.54,windows home 10.00,500.0
hp,intel, i3, 2, 3.0,ddr4, 8,0,256,intel, 8192,led tn, 14.0,1.47,windows home 10.00,380.5
hp,intel, i7, 4, 2.8,ddr4, 16,0,256,intel, 8192,led ips, 15.6,1.92,windows home 10.00,1350.5
hp,intel, i5, 4, 2.4,ddr4, 8,0,128,intel, 8192,led tn, 15.6,1.92,windows home 10.00,500.0
hp,intel, i3, 2, 3.0,ddr4, 8,0,128,intel, 8192,led tn, 14.0,1.61,windows home 10.00,499.5
hp,intel, i5, 4, 2.4,ddr4, 8,0,256,intel, 8192,led ips, 13.5,1.36,windows home 10.00,1000.0
hp,intel, i7, 4, 2.8,ddr4, 16,0,512,intel, 8192,led ips, 13.3,1.32,windows home 10.00,925.0
hp,intel, i5, 4, 2.4,ddr4, 8,0,256,intel, 8192,led ips, 13.3,1.27,windows home 10.00,830.0
hp,intel, i5, 4, 2.4,ddr4, 8,0,256,intel, 8192,led ips, 15.6,1.97,windows home 10.00,710.0
hp,intel, i5, 4, 2.4,ddr4, 8,0,128,intel, 8192,led tn, 15.6,1.75,windows home 10.00,430.0
hp,intel, i5, 4, 2.4,ddr4, 8,0,256,intel, 8192,led ips, 13.3,1.31,windows home 10.00,636.0
hp,intel, i7, 4, 2.8,ddr4, 16,0,256,intel, 8192,led ips, 15.6,1.7,windows home 10.00,690.5
hp,intel, i7, 4, 2.8,ddr4, 8,1000,0,intel, 8192,led tn, 17.3,2.38,windows home 10.00,550.5
hp,intel, i7, 4, 2.8,ddr4, 12,1000,128,intel, 8192,led ips, 17.3,2.78,windows home 10.00,1699.5
hp,intel, i5, 4, 2.4,ddr4, 8,0,256,intel, 8192,led ips, 13.3,1.24,windows home 10.00,520.0
hp,intel, i5, 4, 2.4,ddr4, 8,0,256,intel, 8192,led ips, 13.3,1.28,windows pro 10.00,1169.5
hp,intel, i5, 4, 2.4,ddr4, 8,0,256,intel, 8192,led ips, 14.0,1.37,windows pro 10.00,1062.5
hp,intel, i5, 4, 2.4,ddr4, 8,0,256,intel, 8192,led ips, 15.6,1.74,windows pro 10.00,1187.5
hp,intel, i5, 4, 2.4,ddr4, 8,0,256,intel, 8192,led ips, 15.6,1.74,windows pro 10.00,857.5
hp,intel, i3, 2, 3.0,ddr4, 4,0,256,intel, 8192,led ips, 14.0,1.38,windows pro 10.00,728.0
hp,intel, i3, 2, 3.0,ddr4, 4,0,256,intel, 8192,led ips, 13.3,1.27,windows pro 10.00,734.0
hp,amd, ryzen 5, 6, 2.3,ddr4, 12,0,256,amd, 2048,led tn, 17.3,2.38,windows home 10.00,517.0
hp,amd, ryzen 5, 6, 2.3,ddr4, 8,0,256,amd, 2048,led ips, 13.3,0.99,windows pro 10.00,956.5
hp,intel, i5, 4, 2.4,ddr4, 12,0,256,intel, 8192,led tn, 15.6,1.75,windows home 10.00,460.5
lenovo,intel, i5, 4, 1.6,ddr4, 8,0,256,intel, 1700,led ips, 13.3,1.3,windows home 10.00,1040.0
lenovo,intel, i7, 4, 2.8,ddr4, 32,0,256,nvidia, 2048,led ips, 17.3,3.4,windows pro 10.00,2199.5
lenovo,intel, i7, 4, 2.8,ddr4, 16,0,512,nvidia, 2048,led ips, 15.6,2.0,windows home 10.00,1730.0
lenovo,intel, i7, 4, 1.8,ddr4, 8,0,256,intel, 1700,led ips, 13.9,1.37,windows home 10.00,950.5
lenovo,intel, i5, 2, 2.5,ddr4, 8,0,128,intel, 1700,led ips, 12.5,1.18,windows home 10.00,967.5
lenovo,intel, i5, 4, 1.6,ddr4, 8,0,128,intel, 1700,led ips, 14.0,1.32,windows pro 10.00,844.0
lenovo,intel, i5, 4, 1.6,ddr4, 8,0,256,intel, 1700,led ips, 13.3,1.46,windows pro 10.00,905.0
lenovo,intel, i5, 4, 1.6,ddr4, 8,0,256,intel, 1700,led ips, 13.3,1.12,windows home 10.00,999.5
lenovo,intel, i3, 2, 2.2,ddr4, 4,0,128,intel, 1700,led tn, 15.6,2.02,windows home 10.00,529.0
lenovo,intel, i7, 6, 2.2,ddr4, 16,0,512,nvidia, 4096,led ips, 15.6,2.9,windows pro 10.00,2499.5
lenovo,intel, i5, 4, 1.6,ddr4, 8,0,256,intel, 1700,led ips, 15.6,1.89,windows home 10.00,1408.0
lenovo,intel, i7, 4, 1.8,ddr4, 12,0,256,intel, 1700,led ips, 13.9,1.38,windows home 10.00,1049.0
lenovo,intel, i5, 4, 1.6,ddr4, 8,0,256,intel, 1700,led ips, 13.3,1.1,windows home 10.00,949.0
lenovo,intel, i7, 4, 1.8,ddr4, 8,500,0,intel, 1700,led ips, 14.0,1.75,windows pro 10.00,982.5
lenovo,intel, i5, 4, 1.6,ddr4, 8,0,256,intel, 1700,led ips, 15.6,2.12,windows pro 10.00,850.0
lenovo,intel, i3, 2, 2.1,ddr4, 8,0,128,intel, 1700,led tn, 15.6,1.8,windows home 10.00,765.5
lenovo,intel, i7, 4, 1.9,ddr4, 8,0,256,intel, 1700,led ips, 13.3,1.28,windows pro 10.00,779.5
lenovo,intel, i7, 4, 1.9,ddr4, 16,0,256,intel, 1700,led ips, 13.3,1.29,windows pro 10.00,881.5
lenovo,intel, i5, 4, 1.6,ddr4, 8,0,256,intel, 1700,led tn, 14.0,1.55,windows pro 10.00,764.5
lenovo,intel, i5, 4, 1.6,ddr4, 16,0,256,intel, 1700,led ips, 14.0,1.49,windows pro 10.00,750.5
lenovo,intel, i7, 4, 1.8,ddr4, 8,0,256,intel, 1700,led ips, 15.6,1.75,windows pro 10.00,800.0
lenovo,amd, ryzen 5, 4, 2.1,ddr4, 8,0,256,amd, 2048,led tn, 15.6,1.8,windows home 10.00,579.5
lenovo,amd, ryzen 5, 4, 2.1,ddr4, 8,0,256,amd, 2048,led tn, 15.6,2.1,windows pro 10.00,500.0
lenovo,intel, i5, 4, 1.6,ddr4, 8,0,256,amd, 2048,led ips, 14.0,1.52,windows home 10.00,988.5
lenovo,intel, i7, 4, 1.8,ddr4, 8,0,256,intel, 1700,led ips, 13.3,1.34,windows pro 10.00,900.0
lenovo,intel, i7, 6, 2.3,ddr4, 16,0,512,nvidia, 4096,led ips, 15.6,1.74,windows pro 10.00,1445.0
lenovo,amd, ryzen 5, 4, 2.1,ddr4, 8,0,256,amd, 2048,led ips, 14.0,1.65,windows home 10.00,629.0
lenovo,amd, ryzen 5, 4, 2.1,ddr4, 8,0,256,amd, 2048,led ips, 14.0,1.57,windows pro 10.00,795.5
lenovo,intel, i5, 4, 2.4,ddr4, 8,0,256,nvidia, 4096,led ips, 15.6,2.19,windows home 10.00,592.5
lenovo,intel, i7, 6, 2.6,ddr4, 8,0,512,nvidia, 4096,led ips, 17.3,2.8,windows home 10.00,980.5
lenovo,intel, i5, 4, 1.6,ddr4, 8,0,256,intel, 1700,led ips, 14.0,1.69,windows pro 10.00,595.5
lenovo,intel, i5, 4, 1.6,ddr4, 8,0,256,intel, 1700,led ips, 15.6,2.03,windows pro 10.00,968.5
lenovo,intel, i7, 6, 2.6,ddr4, 16,1000,256,nvidia, 6144,led ips, 15.6,2.35,windows home 10.00,1120.0
lenovo,intel, i7, 6, 2.6,ddr4, 16,0,1024,nvidia, 6144,led ips, 15.6,2.2,windows home 10.00,1164.5
lenovo,intel, i7, 6, 2.6,ddr4, 16,1000,512,nvidia, 6144,led ips, 15.6,2.2,windows home 10.00,1100.0
lenovo,intel, i7, 6, 2.6,ddr4, 8,1000,256,nvidia, 4096,led ips, 17.3,2.8,windows home 10.00,1100.0
lenovo,amd, ryzen 5, 4, 2.1,ddr4, 8,0,512,amd, 2048,led ips, 14.0,1.27,windows pro 10.00,650.5
lenovo,intel, i7, 4, 1.8,ddr4, 8,0,256,nvidia, 2048,led ips, 15.6,1.75,windows pro 10.00,1199.5
lenovo,intel, i7, 6, 2.3,ddr4, 16,0,512,nvidia, 4096,led ips, 15.6,1.72,windows pro 10.00,1600.0
lenovo,intel, i7, 6, 2.6,ddr4, 16,1000,512,nvidia, 6144,led ips, 15.6,2.3,windows home 10.00,1176.5
lenovo,intel, i5, 4, 1.6,ddr3, 8,0,256,intel, 1700,led ips, 14.0,1.36,windows pro 10.00,900.0
lenovo,intel, i7, 6, 2.6,ddr4, 16,0,512,nvidia, 4096,led ips, 15.6,2.45,windows pro 10.00,1849.0
lenovo,intel, i5, 4, 1.6,ddr4, 16,0,128,nvidia, 2048,led ips, 14.0,1.47,windows pro 10.00,910.0
lenovo,intel, i7, 6, 2.6,ddr4, 16,1000,256,nvidia, 6144,led ips, 17.3,2.8,windows home 10.00,1453.5
lenovo,intel, i7, 4, 1.8,ddr4, 12,0,1024,nvidia, 2048,led ips, 14.0,1.63,windows home 10.00,871.5
lenovo,intel, i5, 4, 1.6,ddr3, 8,0,256,intel, 1700,led ips, 13.3,1.3,windows home 10.00,529.0
lenovo,intel, i5, 4, 1.6,ddr3, 8,0,512,intel, 1700,led ips, 14.0,1.36,windows pro 10.00,1079.5
lenovo,intel, i5, 4, 1.6,ddr4, 8,0,256,intel, 1700,led ips, 14.0,1.55,windows pro 10.00,1100.0
lenovo,intel, i5, 4, 1.6,ddr4, 8,0,256,intel, 1700,led ips, 14.0,1.09,windows pro 10.00,760.5
lenovo,intel, i5, 4, 1.6,ddr4, 8,0,256,intel, 1700,led ips, 13.3,1.28,windows pro 10.00,1369.5
lenovo,intel, i3, 2, 1.2,ddr4, 12,0,256,intel, 8192,led tn, 15.6,1.8,windows home 10.00,560.5
lenovo,intel, i3, 2, 2.1,ddr4, 4,500,0,intel, 1700,led ips, 14.0,1.77,windows pro 10.00,617.0
lenovo,intel, i3, 2, 2.1,ddr4, 8,1000,0,intel, 1700,led ips, 15.6,1.9,windows pro 10.00,668.5
lenovo,intel, i7, 6, 2.6,ddr4, 16,0,512,nvidia, 4096,led ips, 15.6,2.0,windows home 10.00,1200.0
lenovo,intel, i7, 6, 2.6,ddr4, 16,0,1024,nvidia, 4096,led ips, 15.6,1.9,windows home 10.00,1448.0
lenovo,intel, i7, 6, 2.6,ddr4, 8,1000,0,nvidia, 4096,led ips, 17.3,3.4,windows pro 10.00,1508.0
lenovo,intel, i5, 4, 1.6,ddr4, 8,0,256,intel, 1700,led ips, 13.3,1.25,windows home 10.00,600.0
lenovo,intel, i7, 4, 1.3,ddr4, 12,0,256,intel, 8192,led ips, 14.0,1.35,windows home 10.00,957.5
lenovo,intel, i5, 4, 1.6,ddr4, 8,0,512,intel, 1700,led ips, 14.0,1.4,windows home 10.00,607.0
lenovo,intel, i5, 4, 1.6,ddr4, 12,0,256,intel, 1700,led ips, 15.6,1.9,windows home 10.00,800.0
lenovo,intel, i3, 2, 1.2,ddr4, 4,0,128,intel, 8192,led tn, 15.6,1.85,windows home 10.00,319.0
lenovo,intel, i5, 4, 1.6,ddr4, 8,0,256,intel, 1700,led ips, 13.3,1.38,windows pro 10.00,694.5
lenovo,intel, i5, 4, 1.6,ddr4, 8,0,256,intel, 1700,led ips, 13.3,1.43,windows home 10.00,730.0
lenovo,amd, ryzen 3, 2, 2.6,ddr4, 8,0,256,amd, 2048,led ips, 15.6,1.85,windows home 10.00,484.5
lenovo,intel, i5, 4, 1.0,ddr4, 8,0,256,intel, 8192,led ips, 14.0,1.5,windows pro 10.00,725.0
lenovo,intel, i5, 4, 1.6,ddr3, 8,0,256,intel, 1700,led ips, 14.0,1.09,windows pro 10.00,950.5
lenovo,intel, i5, 4, 1.6,ddr3, 8,0,256,intel, 1700,led ips, 14.0,1.36,windows pro 10.00,1329.0
lenovo,intel, i5, 4, 1.0,ddr4, 16,0,512,intel, 8192,led ips, 15.6,1.6,windows home 10.00,972.0
lenovo,intel, i7, 4, 1.8,ddr4, 8,0,512,intel, 1700,led ips, 15.6,1.8,windows pro 10.00,1000.0
lenovo,intel, i3, 2, 1.2,ddr4, 8,0,256,intel, 8192,led ips, 14.0,1.6,windows home 10.00,499.5
lenovo,intel, i5, 4, 1.6,ddr4, 16,0,512,intel, 1700,led ips, 15.6,1.89,windows pro 10.00,900.0
lenovo,intel, i5, 4, 1.6,ddr4, 8,0,256,intel, 1700,led ips, 13.3,1.29,windows pro 10.00,807.0
lenovo,intel, i5, 4, 1.0,ddr4, 16,0,256,intel, 8192,led ips, 15.6,1.8,windows pro 10.00,760.5
lenovo,amd, ryzen 3, 2, 2.6,ddr4, 8,1000,0,amd, 2048,led tn, 14.0,1.6,windows home 10.00,439.0
lenovo,intel, i5, 4, 1.6,ddr4, 8,0,256,intel, 1700,led ips, 14.0,1.5,windows pro 10.00,650.5
lenovo,intel, i5, 4, 1.0,ddr4, 8,0,256,intel, 8192,led tn, 14.0,1.6,windows home 10.00,576.5
lenovo,amd, ryzen 3, 2, 2.6,ddr4, 4,0,128,amd, 2048,led tn, 15.6,1.85,windows home 10.00,341.0
lenovo,intel, i5, 4, 2.5,ddr4, 8,0,256,nvidia, 6144,led ips, 15.6,2.25,windows home 10.00,1230.0
lenovo,intel, i7, 6, 2.6,ddr4, 16,0,512,nvidia, 6144,led ips, 17.3,2.98,windows home 10.00,999.5
lenovo,intel, i7, 6, 2.6,ddr4, 8,1000,256,nvidia, 4096,led ips, 15.6,2.3,windows home 10.00,807.0
lenovo,intel, i5, 4, 1.6,ddr4, 8,0,256,intel, 1700,led ips, 14.0,1.49,windows pro 10.00,949.0
lenovo,intel, i5, 4, 1.6,ddr4, 16,0,512,intel, 1700,led ips, 14.0,1.61,windows pro 10.00,900.0
lenovo,intel, i5, 4, 1.6,ddr4, 8,0,256,nvidia, 2048,led ips, 15.6,1.75,windows pro 10.00,1149.0
lenovo,intel, i7, 4, 1.8,ddr4, 8,0,256,nvidia, 2048,led ips, 14.0,1.47,windows pro 10.00,1109.0
lenovo,intel, i5, 4, 2.5,ddr4, 8,0,256,nvidia, 4096,led ips, 15.6,2.2,windows home 10.00,720.0
lenovo,amd, ryzen 3, 4, 2.7,ddr4, 4,0,128,amd, 2048,led ips, 14.0,1.5,windows home 10.00,349.0
lenovo,intel, i5, 4, 1.6,ddr4, 8,0,256,intel, 1700,led ips, 14.0,1.73,windows pro 10.00,891.5
lenovo,intel, i5, 4, 1.6,ddr4, 8,0,256,intel, 1700,led ips, 15.6,1.98,windows pro 10.00,839.0
lenovo,intel, i5, 4, 1.6,ddr4, 8,0,256,intel, 1700,led ips, 13.3,1.25,windows pro 10.00,1136.0
lenovo,amd, ryzen 5, 6, 2.3,ddr4, 8,0,512,amd, 2048,led tn, 15.6,1.66,windows home 10.00,579.5
lenovo,intel, i3, 2, 1.2,ddr4, 8,0,128,intel, 8192,led ips, 15.6,1.8,windows home 10.00,550.0
lenovo,intel, i5, 4, 1.6,ddr4, 8,0,256,intel, 1700,led ips, 13.0,1.17,windows home 10.00,707.0
lenovo,amd, ryzen 5, 6, 2.1,ddr4, 8,0,256,amd, 2048,led ips, 14.0,1.55,windows pro 10.00,859.5
lenovo,amd, ryzen 5, 6, 2.1,ddr4, 8,0,512,amd, 2048,led ips, 14.0,1.35,windows pro 10.00,900.0
lenovo,amd, ryzen 7, 8, 2.0,ddr4, 8,0,512,amd, 2048,led tn, 17.3,2.2,windows home 10.00,679.5
lenovo,amd, ryzen 5, 6, 2.3,ddr4, 8,0,256,amd, 2048,led ips, 15.6,1.7,windows pro 10.00,706.0
lenovo,amd, ryzen 5, 6, 2.3,ddr4, 8,0,256,amd, 2048,led tn, 15.6,1.7,windows home 10.00,629.0
lenovo,intel, i3, 2, 1.2,ddr4, 8,0,256,intel, 8192,led tn, 15.6,1.85,windows home 10.00,387.5
lenovo,amd, ryzen 5, 6, 3.0,ddr4, 8,0,128,nvidia, 4096,led ips, 15.6,2.3,windows home 10.00,760.5
lenovo,intel, i7, 4, 1.8,ddr4, 8,0,512,nvidia, 2048,led ips, 15.6,2.0,windows home 10.00,845.0
lenovo,intel, i5, 4, 1.0,ddr4, 8,0,256,intel, 8192,led tn, 15.6,1.8,windows home 10.00,607.0
lenovo,intel, i7, 4, 1.3,ddr4, 16,0,512,intel, 8192,led ips, 14.0,1.25,windows home 10.00,1028.0
lenovo,intel, i5, 4, 2.5,ddr4, 16,0,1024,nvidia, 4096,led ips, 15.6,1.95,windows home 10.00,860.5
lenovo,amd, ryzen 5, 6, 2.3,ddr4, 4,1000,0,amd, 2048,led ips, 14.0,1.6,windows pro 10.00,500.0
lenovo,intel, i3, 2, 1.2,ddr4, 4,0,128,intel, 8192,led ips, 14.0,1.5,windows home 10.00,510.0
lenovo,intel, i5, 4, 1.6,ddr4, 8,0,256,intel, 1700,led ips, 13.3,1.4,windows pro 10.00,700.0
lenovo,intel, i7, 4, 1.3,ddr4, 12,0,512,intel, 8192,led ips, 14.0,1.55,windows home 10.00,770.5
lenovo,amd, ryzen 3, 4, 2.7,ddr4, 8,0,256,amd, 2048,led ips, 14.0,1.64,windows pro 10.00,601.0
lenovo,intel, i3, 2, 2.1,ddr4, 8,0,256,intel, 1700,led tn, 17.3,2.2,windows home 10.00,520.0
lenovo,intel, i5, 4, 1.6,ddr4, 8,0,256,intel, 1700,led ips, 14.0,1.65,windows home 10.00,729.0
lenovo,intel, i7, 6, 2.6,ddr4, 16,0,512,nvidia, 4096,led ips, 17.3,3.5,windows pro 10.00,1659.5
lenovo,intel, i7, 6, 2.6,ddr4, 16,0,512,nvidia, 4096,led ips, 15.6,2.74,windows pro 10.00,1709.0
lenovo,amd, ryzen 7, 4, 2.3,ddr4, 12,1000,128,amd, 2048,led tn, 17.3,2.2,windows home 10.00,699.5
lenovo,intel, i5, 4, 2.5,ddr4, 16,0,512,nvidia, 4096,led ips, 15.6,2.07,windows pro 10.00,1439.0
lenovo,amd, ryzen 5, 6, 2.1,ddr4, 8,0,256,amd, 2048,led ips, 13.3,1.29,windows pro 10.00,1028.0
lenovo,intel, i7, 6, 2.6,ddr4, 16,0,512,nvidia, 4096,led ips, 15.6,1.8,windows pro 10.00,1799.5
lenovo,intel, i7, 6, 2.6,ddr4, 8,0,256,nvidia, 4096,led ips, 15.6,1.81,windows home 10.00,1280.5
lenovo,amd, ryzen 7, 8, 2.9,ddr4, 8,0,512,nvidia, 4096,led ips, 15.6,2.2,windows home 10.00,830.0
lenovo,intel, i7, 4, 1.8,ddr4, 8,0,256,intel, 1700,led ips, 13.3,1.34,windows pro 10.00,749.0
lenovo,intel, i5, 4, 1.6,ddr4, 16,0,512,intel, 1700,led ips, 13.3,1.4,windows home 10.00,684.5
lenovo,intel, i5, 4, 2.5,ddr4, 8,0,256,intel, 1700,led ips, 15.6,2.07,windows pro 10.00,1209.0
lenovo,intel, i3, 2, 1.2,ddr4, 8,0,128,intel, 8192,led tn, 15.6,1.85,windows pro 10.00,380.5
lenovo,intel, i3, 2, 2.1,ddr4, 4,0,64,intel, 1700,led ips, 13.3,1.5,chrome os  0.00,405.0
lenovo,intel, i7, 6, 2.7,ddr4, 16,0,512,nvidia, 8192,led ips, 15.6,2.74,windows pro 10.00,1839.0
lenovo,amd, ryzen 5, 6, 3.0,ddr4, 8,0,256,nvidia, 6144,led ips, 17.3,2.98,windows home 10.00,1150.5
lenovo,amd, ryzen 7, 8, 1.7,ddr4, 8,0,256,amd, 2048,led ips, 15.6,1.98,windows pro 10.00,880.5
lenovo,amd, ryzen 3, 4, 2.5,ddr4, 4,0,256,amd, 2048,led tn, 14.0,1.61,windows pro 10.00,740.0
lenovo,intel, i5, 5, 1.4,ddr4, 8,0,256,intel, 8192,oled, 13.3,1.0,windows home 10.00,2498.5
lenovo,intel, i5, 4, 2.5,ddr4, 16,0,256,nvidia, 4096,led ips, 15.6,1.9,windows home 10.00,1477.5
lenovo,intel, i7, 4, 1.3,ddr4, 16,0,512,intel, 8192,led ips, 15.6,1.85,windows home 10.00,799.5
lenovo,amd, ryzen 5, 4, 2.1,ddr4, 8,0,256,amd, 2048,led ips, 13.3,1.28,windows pro 10.00,1073.5
lenovo,intel, i5, 4, 2.4,ddr4, 8,0,256,intel, 8192,led ips, 13.3,1.26,windows pro 10.00,849.0
lenovo,intel, i5, 4, 2.4,ddr4, 8,0,256,intel, 8192,led ips, 14.0,1.27,windows pro 10.00,695.5
lenovo,intel, i5, 4, 2.4,ddr4, 16,0,512,intel, 8192,led ips, 14.0,1.2,windows home 10.00,1358.5
lenovo,intel, i3, 2, 3.0,ddr4, 8,0,128,intel, 8192,led ips, 14.0,1.39,windows home 10.00,570.5
lenovo,intel, i5, 4, 2.4,ddr4, 8,0,256,intel, 8192,led ips, 14.0,1.44,windows home 10.00,1400.0
lenovo,amd, ryzen 5, 6, 2.3,ddr4, 8,0,256,amd, 2048,led ips, 13.3,1.36,windows home 10.00,700.0
lenovo,intel, i7, 6, 2.6,ddr4, 12,0,512,nvidia, 4096,led ips, 15.6,2.0,windows home 10.00,1440.0
lenovo,intel, i5, 4, 1.6,ddr4, 8,0,256,intel, 1700,led ips, 14.0,1.68,windows pro 10.00,1120.0
lenovo,intel, i3, 2, 1.2,ddr4, 8,0,256,intel, 8192,led tn, 17.3,2.2,windows home 10.00,539.0
lenovo,intel, i5, 4, 2.4,ddr4, 12,0,512,intel, 8192,led ips, 14.0,1.4,windows home 10.00,799.5
lenovo,amd, ryzen 5, 4, 2.1,ddr4, 8,1000,0,amd, 2048,led tn, 15.6,2.1,windows home 10.00,539.0
lenovo,intel, i7, 4, 1.8,ddr4, 8,0,256,intel, 1700,led ips, 15.6,1.99,windows pro 10.00,1051.5
lenovo,amd, ryzen 7, 8, 2.0,ddr4, 8,0,512,amd, 2048,led ips, 15.6,1.7,windows pro 10.00,1119.0
lenovo,intel, i5, 4, 1.0,ddr4, 8,0,256,intel, 8192,led ips, 14.0,1.5,windows home 10.00,587.5
lenovo,amd, ryzen 7, 8, 1.7,ddr4, 8,0,256,amd, 2048,led ips, 14.0,1.47,windows pro 10.00,1029.0
lenovo,intel, i5, 4, 2.4,ddr4, 8,0,256,intel, 8192,led ips, 15.6,1.9,windows home 10.00,749.0
lenovo,intel, i3, 2, 3.0,ddr4, 4,0,1024,intel, 8192,led ips, 14.0,1.64,windows pro 10.00,600.0
lenovo,intel, i5, 4, 2.4,ddr4, 8,0,256,intel, 8192,led ips, 13.3,1.43,windows pro 10.00,1149.0
lenovo,intel, i3, 2, 3.0,ddr4, 4,0,256,intel, 8192,led ips, 13.3,1.38,windows home 10.00,1059.5
lenovo,intel, i5, 4, 2.4,ddr4, 8,0,256,intel, 8192,led ips, 15.6,1.7,windows pro 10.00,805.0
lenovo,intel, i5, 4, 2.4,ddr4, 8,0,256,intel, 8192,led ips, 14.0,1.5,windows pro 10.00,866.5
lenovo,intel, i7, 4, 1.9,ddr4, 16,0,1024,nvidia, 2048,led ips, 15.6,1.75,windows pro 10.00,1599.5
lenovo,intel, i5, 4, 1.8,ddr4, 8,0,256,intel, 8192,led ips, 13.0,1.03,windows pro 10.00,1721.0
lenovo,intel, i7, 4, 3.0,ddr4, 16,0,1024,intel, 8192,led ips, 14.0,1.44,windows home 10.00,1600.0
lenovo,intel, i5, 4, 2.4,ddr4, 8,0,256,intel, 8192,led ips, 15.6,1.7,windows pro 10.00,707.0
lg,intel, i7, 4, 1.8,ddr4, 16,0,1024,intel, 1700,led ips, 15.6,1.1,windows home 10.00,1990.5
lg,intel, i5, 4, 1.6,ddr4, 8,0,256,intel, 1700,led ips, 14.0,0.99,windows home 10.00,1289.5
lg,intel, i7, 4, 1.8,ddr4, 16,0,512,intel, 1700,led ips, 17.0,1.34,windows pro 10.00,1880.5
lg,intel, i5, 4, 1.6,ddr4, 8,0,256,intel, 1700,led ips, 13.3,0.96,windows home 10.00,849.0
lg,intel, i7, 4, 1.8,ddr4, 16,0,256,intel, 1700,led ips, 13.3,0.96,windows home 10.00,1400.0
lg,intel, i7, 4, 1.3,ddr4, 16,0,512,intel, 8192,led ips, 17.0,1.35,windows home 10.00,1339.0
lg,intel, i5, 4, 1.2,ddr4, 8,0,256,intel, 8192,led ips, 14.0,1.0,windows home 10.00,850.5
lg,intel, i7, 4, 1.8,ddr4, 16,0,1024,intel, 1700,led ips, 14.0,1.15,windows home 10.00,1297.5
lg,intel, i5, 4, 1.2,ddr4, 8,0,256,intel, 8192,led ips, 15.6,1.12,windows home 10.00,1149.0
lg,intel, i5, 4, 1.6,ddr4, 16,0,512,nvidia, 4096,led ips, 17.0,1.95,windows home 10.00,1299.5
lg,intel, i5, 4, 1.6,ddr4, 8,0,512,intel, 1700,led ips, 15.6,1.09,windows home 10.00,943.0
lg,intel, i5, 4, 1.6,ddr4, 8,0,512,intel, 1700,led ips, 14.0,0.99,windows home 10.00,923.0
lg,intel, i5, 4, 1.2,ddr4, 16,0,512,intel, 8192,led ips, 17.0,1.35,windows home 10.00,1400.0
lg,intel, i5, 4, 1.2,ddr4, 8,0,256,intel, 8192,led ips, 15.6,1.12,windows pro 10.00,1200.0
dell,intel, i5, 4, 2.5,ddr4, 8,0,256,nvidia, 4096,led ips, 15.6,2.06,windows home 10.00,1870.5
dell,intel, i7, 4, 1.8,ddr4, 8,0,256,intel, 1700,led ips, 13.3,1.62,windows home 10.00,1269.5
dell,intel, i5, 4, 1.6,ddr4, 8,0,256,intel, 1700,led ips, 13.3,1.4,windows home 10.00,1095.5
dell,intel, i5, 4, 1.6,ddr4, 8,0,128,intel, 1700,led ips, 13.3,1.21,windows home 10.00,1170.5
dell,intel, i5, 4, 1.7,ddr4, 8,0,256,intel, 1700,led tn, 12.5,1.19,windows pro 10.00,1599.5
dell,intel, i5, 4, 1.6,ddr4, 8,500,0,intel, 1700,led ips, 14.0,1.72,windows pro 10.00,832.0
dell,amd, ryzen 5, 4, 2.0,ddr4, 8,0,256,amd, 2048,led ips, 13.3,1.75,windows home 10.00,1057.5
dell,intel, i7, 6, 2.2,ddr4, 16,0,512,nvidia, 4096,led ips, 15.6,2.0,windows home 10.00,1870.5
dell,intel, i7, 6, 2.6,ddr4, 8,0,256,nvidia, 2048,led tn, 15.6,1.93,windows pro 10.00,2341.0
dell,intel, i3, 2, 2.7,ddr4, 8,0,128,intel, 1700,led ips, 14.0,4.15,linux ubuntu 0.00,1426.0
dell,intel, i3, 2, 2.7,ddr4, 8,0,128,intel, 1700,led ips, 14.0,3.4,linux ubuntu 0.00,1359.5
dell,intel, i3, 2, 2.7,ddr4, 8,0,128,intel, 1700,led ips, 14.0,3.5,linux ubuntu 0.00,3599.5
dell,intel, i3, 2, 2.2,ddr4, 4,0,0,intel, 1700,led ips, 14.0,1.81,chrome os  0.00,495.5
dell,intel, i5, 4, 1.6,ddr4, 8,0,256,intel, 1700,led ips, 13.3,1.45,windows home 10.00,1085.5
dell,intel, i5, 4, 2.3,ddr4, 8,1000,128,nvidia, 4096,led ips, 15.6,2.85,windows home 10.00,880.5
dell,intel, i7, 4, 1.8,ddr3, 8,0,512,intel, 1700,led ips, 13.3,1.27,windows pro 10.00,1600.0
dell,intel, i7, 6, 2.2,ddr4, 8,1000,128,nvidia, 4096,led ips, 15.6,2.85,windows home 10.00,950.5
dell,intel, i5, 4, 1.6,ddr4, 8,0,256,intel, 1700,led tn, 14.0,1.75,windows pro 10.00,1129.0
dell,intel, i5, 4, 2.3,ddr4, 8,0,256,nvidia, 4096,led ips, 15.6,2.0,windows home 10.00,1300.0
dell,amd, ryzen 7, 4, 2.3,ddr4, 8,0,256,amd, 2048,led ips, 15.6,1.77,windows home 10.00,849.0
dell,intel, i7, 4, 1.9,ddr4, 16,0,256,intel, 1700,led ips, 14.0,1.36,windows pro 10.00,1098.5
dell,intel, i5, 4, 1.6,ddr4, 8,500,0,intel, 1700,led ips, 15.6,1.82,windows pro 10.00,1198.5
dell,intel, i7, 6, 2.6,ddr4, 16,0,256,nvidia, 6144,led ips, 17.3,3.27,windows home 10.00,1499.5
dell,intel, i7, 6, 2.6,ddr4, 8,1000,128,nvidia, 6144,led ips, 15.6,2.63,windows home 10.00,1284.5
dell,intel, i5, 4, 2.4,ddr4, 16,1000,256,nvidia, 4096,led ips, 15.6,2.85,windows home 10.00,1029.0
dell,intel, i7, 6, 2.6,ddr4, 16,0,1024,nvidia, 6144,led ips, 15.6,2.85,windows home 10.00,1599.5
dell,intel, i7, 4, 1.9,ddr4, 16,0,512,intel, 1700,led ips, 13.3,1.42,windows pro 10.00,1648.0
dell,intel, i7, 4, 1.9,ddr4, 8,0,256,intel, 1700,led ips, 13.3,1.24,windows pro 10.00,950.5
dell,intel, i5, 4, 1.6,ddr4, 16,0,256,intel, 1700,led ips, 14.0,1.52,windows pro 10.00,1053.5
dell,intel, i7, 4, 1.3,ddr4, 8,0,256,intel, 8192,led ips, 15.6,2.0,windows home 10.00,839.0
dell,intel, i3, 2, 2.1,ddr4, 4,0,128,intel, 1700,led tn, 13.3,1.2,windows home 10.00,734.0
dell,intel, i7, 6, 2.6,ddr4, 8,0,256,nvidia, 3072,led ips, 15.6,1.9,windows pro 10.00,970.5
dell,intel, i7, 6, 2.3,ddr4, 32,0,256,intel, 1700,led ips, 15.6,1.82,windows pro 10.00,2541.0
dell,intel, i7, 4, 1.9,ddr4, 16,0,128,intel, 1700,led ips, 12.3,0.85,windows pro 10.00,1051.5
dell,intel, i7, 4, 1.9,ddr4, 16,0,256,intel, 1700,led ips, 13.3,1.25,windows pro 10.00,999.5
dell,intel, i7, 6, 2.3,ddr4, 16,0,512,nvidia, 4096,led ips, 15.6,1.97,windows pro 10.00,1748.0
dell,intel, i5, 4, 2.4,ddr4, 8,0,512,nvidia, 6144,led ips, 15.6,2.34,windows home 10.00,919.0
dell,intel, i7, 6, 2.6,ddr4, 16,0,512,nvidia, 6144,led ips, 15.6,2.16,windows home 10.00,1699.5
dell,intel, i5, 4, 2.5,ddr4, 8,0,256,intel, 1700,led ips, 14.0,1.53,windows pro 10.00,1417.0
dell,intel, i7, 6, 2.6,ddr4, 8,0,256,nvidia, 4096,led ips, 15.6,2.0,windows home 10.00,1150.5
dell,intel, i7, 6, 2.3,ddr4, 8,0,256,nvidia, 4096,led ips, 15.6,1.8,linux ubuntu 0.00,1566.5
dell,intel, i5, 4, 1.6,ddr4, 8,0,256,intel, 1700,led ips, 14.0,1.4,windows pro 10.00,749.0
dell,intel, i7, 4, 1.3,ddr4, 8,0,256,intel, 8192,led ips, 13.4,1.32,windows home 10.00,1000.0
dell,intel, i7, 4, 1.8,ddr4, 8,0,512,nvidia, 2048,led ips, 15.6,1.66,windows pro 10.00,929.0
dell,intel, i7, 4, 1.8,ddr4, 8,0,256,nvidia, 2048,led ips, 13.3,1.18,windows pro 10.00,699.5
dell,intel, i5, 4, 1.6,ddr4, 8,0,512,intel, 1700,led ips, 13.3,1.4,windows home 10.00,727.0
dell,intel, i5, 4, 1.6,ddr3, 4,0,256,intel, 1700,led ips, 13.3,1.23,windows home 10.00,849.0
dell,intel, i7, 4, 1.8,ddr4, 8,0,256,intel, 1700,led tn, 15.6,2.0,windows pro 10.00,799.5
dell,intel, i5, 4, 1.6,ddr4, 8,0,256,intel, 1700,led ips, 14.0,1.49,windows pro 10.00,549.0
dell,intel, i3, 2, 1.2,ddr4, 8,1000,0,intel, 8192,led tn, 15.6,2.28,windows home 10.00,441.0
dell,intel, i3, 2, 2.1,ddr4, 4,0,128,intel, 1700,led tn, 13.3,1.42,chrome os  0.00,1206.0
dell,intel, i3, 2, 2.1,ddr4, 4,0,128,intel, 1700,led tn, 14.0,1.52,chrome os  0.00,865.5
dell,intel, i5, 4, 1.6,ddr4, 8,1000,0,intel, 1700,led ips, 17.3,2.71,windows home 10.00,715.0
dell,intel, i5, 4, 1.6,ddr3, 8,0,256,intel, 1700,led ips, 13.3,1.24,windows home 10.00,723.0
dell,intel, i3, 2, 1.2,ddr4, 8,0,256,intel, 8192,led tn, 15.6,2.05,windows home 10.00,599.5
dell,intel, i3, 2, 2.1,ddr4, 16,0,512,intel, 1700,led ips, 15.6,2.19,windows home 10.00,729.0
dell,intel, i5, 4, 1.0,ddr4, 8,0,512,intel, 8192,led ips, 14.0,1.42,windows home 10.00,679.5
dell,intel, i5, 4, 1.6,ddr4, 8,0,512,intel, 1700,led ips, 14.0,1.86,windows home 10.00,760.5
dell,intel, i7, 4, 1.8,ddr4, 16,0,512,nvidia, 2048,led ips, 17.3,2.78,windows home 10.00,1215.0
dell,intel, i3, 2, 2.1,ddr4, 4,1000,0,intel, 1700,led ips, 14.0,1.72,windows pro 10.00,449.0
dell,intel, i5, 4, 1.0,ddr4, 8,0,512,intel, 8192,led ips, 17.3,2.79,windows home 10.00,637.0
dell,intel, i5, 4, 1.6,ddr4, 8,0,256,intel, 1700,led ips, 15.6,2.19,windows home 10.00,829.0
dell,intel, i3, 2, 2.1,ddr4, 8,0,128,intel, 1700,led ips, 11.6,1.31,windows pro 10.00,1910.0
dell,intel, i7, 6, 2.3,ddr4, 32,0,512,nvidia, 4096,led ips, 15.6,2.52,windows pro 10.00,1999.5
dell,intel, i5, 4, 1.6,ddr4, 8,0,128,intel, 1700,led ips, 15.6,1.4,windows pro 10.00,1919.0
dell,intel, i7, 4, 1.3,ddr4, 8,0,256,intel, 8192,led ips, 13.4,1.27,windows pro 10.00,1060.5
dell,intel, i7, 4, 1.8,ddr4, 8,1000,0,intel, 1700,led ips, 15.6,2.19,windows pro 10.00,780.5
dell,intel, i7, 4, 1.8,ddr3, 16,0,512,intel, 1700,led ips, 13.3,0.96,windows home 10.00,1000.0
dell,intel, i5, 4, 1.1,ddr4, 4,0,128,intel, 8192,led tn, 14.0,1.79,windows home 10.00,549.0
dell,intel, i3, 2, 2.1,ddr4, 4,0,128,intel, 1700,led ips, 13.3,1.42,chrome os  0.00,1054.5
dell,intel, i5, 4, 2.5,ddr4, 8,0,256,intel, 1700,led ips, 15.6,2.05,windows home 10.00,1150.5
dell,intel, i5, 4, 1.6,ddr4, 8,0,256,intel, 1700,led ips, 13.3,1.32,windows pro 10.00,952.5
dell,amd, ryzen 5, 6, 3.0,ddr4, 8,0,256,amd, 6144,led ips, 15.6,2.5,windows home 10.00,857.5
dell,intel, i5, 4, 2.5,ddr4, 8,0,256,nvidia, 4096,led ips, 15.6,2.34,windows home 10.00,908.0
dell,intel, i7, 6, 2.6,ddr4, 16,0,256,amd, 4096,led ips, 15.6,2.5,windows home 10.00,1550.5
dell,intel, i7, 6, 2.6,ddr4, 16,0,256,amd, 4096,led ips, 17.3,2.97,windows home 10.00,1550.5
dell,intel, i5, 4, 2.5,ddr4, 8,0,256,nvidia, 4096,led ips, 15.6,2.36,windows home 10.00,730.0
dell,intel, i5, 4, 2.6,ddr4, 8,0,256,intel, 1700,led ips, 17.3,3.13,linux ubuntu 0.00,1697.5
dell,intel, i5, 4, 1.6,ddr4, 8,500,0,intel, 1700,led ips, 14.0,1.48,windows pro 10.00,1009.0
dell,intel, i5, 4, 2.5,ddr4, 8,0,256,intel, 1700,led ips, 17.0,2.51,windows pro 10.00,1399.5
dell,intel, i5, 4, 2.6,ddr4, 8,0,256,intel, 1700,led ips, 17.3,2.13,linux ubuntu 0.00,2087.5
dell,amd, ryzen 5, 6, 2.3,ddr4, 8,0,256,amd, 2048,led ips, 14.0,1.54,windows home 10.00,730.0
dell,intel, i7, 6, 2.6,ddr4, 16,0,256,nvidia, 6144,led ips, 17.3,3.29,windows home 10.00,1450.5
dell,intel, i5, 4, 1.7,ddr4, 16,0,256,intel, 1700,led ips, 13.3,1.32,windows pro 10.00,1165.5
dell,intel, i7, 4, 1.3,ddr4, 16,0,512,intel, 8192,led ips, 15.6,1.95,windows home 10.00,1035.0
dell,intel, i5, 4, 2.6,ddr4, 8,0,256,intel, 1700,led ips, 15.6,2.49,linux ubuntu 0.00,1760.5
dell,intel, i5, 4, 2.4,ddr4, 8,0,512,intel, 8192,led ips, 13.3,1.23,windows home 10.00,735.0
dell,intel, i3, 2, 3.0,ddr4, 4,0,128,intel, 8192,led ips, 14.0,1.62,windows pro 10.00,449.0
dell,intel, i5, 4, 2.4,ddr4, 8,0,256,intel, 8192,led ips, 15.6,1.9,windows home 10.00,735.0
dell,intel, i5, 4, 2.4,ddr4, 8,0,256,intel, 8192,led ips, 14.5,1.26,windows home 10.00,730.0
dell,intel, i5, 4, 2.4,ddr4, 8,0,512,intel, 8192,led ips, 17.0,2.43,windows home 10.00,1000.0
dell,intel, i5, 4, 2.4,ddr4, 8,0,256,intel, 8192,led ips, 13.4,1.27,windows home 10.00,1009.0
dell,intel, i5, 4, 2.4,ddr4, 16,0,512,intel, 8192,led ips, 13.4,1.32,windows home 10.00,1300.0
dell,intel, i5, 4, 2.5,ddr4, 8,0,256,nvidia, 6144,led ips, 15.6,2.56,windows home 10.00,1078.5
dell,intel, i5, 4, 2.4,ddr4, 8,0,256,intel, 8192,led ips, 13.3,1.06,windows pro 10.00,699.5
dell,intel, i7, 4, 2.8,ddr4, 8,0,256,intel, 8192,led ips, 14.0,1.36,windows pro 10.00,639.0
dell,intel, i5, 4, 2.5,ddr4, 16,0,256,intel, 1700,led ips, 15.6,1.77,windows pro 10.00,1049.0
dell,intel, i3, 2, 2.1,ddr4, 4,500,0,intel, 1700,led ips, 15.6,1.79,windows pro 10.00,569.5
dell,intel, i3, 2, 2.1,ddr4, 4,500,0,intel, 1700,led tn, 14.0,1.65,windows pro 10.00,589.5
dell,intel, i7, 4, 1.3,ddr4, 8,0,256,nvidia, 2048,led ips, 14.0,1.36,windows pro 10.00,800.0
dell,intel, i3, 2, 2.1,ddr4, 4,1000,0,intel, 1700,led tn, 15.6,1.82,windows pro 10.00,984.5
dell,intel, i5, 4, 1.6,ddr4, 8,0,256,intel, 1700,led ips, 13.3,1.24,windows pro 10.00,789.5
dell,intel, i5, 4, 2.4,ddr4, 8,0,256,intel, 8192,led ips, 15.6,1.6,windows pro 10.00,679.5
dell,amd, ryzen 5, 6, 2.3,ddr4, 8,0,256,amd, 2048,led ips, 15.6,1.69,windows home 10.00,534.0
dell,intel, i5, 4, 1.7,ddr4, 16,0,256,intel, 1700,led ips, 14.0,1.46,windows pro 10.00,1099.5
dell,intel, i5, 4, 2.5,ddr4, 4,500,0,intel, 1700,led tn, 15.6,1.89,windows pro 10.00,1369.5
dell,intel, i5, 4, 1.7,ddr4, 8,0,512,intel, 1700,led ips, 12.3,1.2,windows pro 10.00,1502.0
dell,intel, i7, 8, 2.9,ddr4, 16,0,512,amd, 8192,led ips, 17.3,4.7,windows home 10.00,2044.0
dell,intel, i5, 4, 2.6,ddr4, 8,0,256,intel, 1700,led ips, 15.6,1.84,linux ubuntu 0.00,1768.5
dell,intel, i5, 4, 1.6,ddr4, 4,500,0,nvidia, 2048,led tn, 15.6,1.86,linux ubuntu 0.00,962.5
dell,intel, i5, 4, 2.5,ddr4, 4,0,128,intel, 1700,led ips, 14.0,1.54,windows pro 10.00,1352.5
dell,intel, i5, 4, 1.6,ddr4, 8,0,128,intel, 1700,led ips, 14.0,1.36,windows pro 10.00,1896.5
dell,intel, i5, 4, 2.5,ddr4, 8,0,256,intel, 1700,led ips, 15.6,1.9,windows home 10.00,681.5
dell,intel, i3, 2, 1.2,ddr4, 8,0,256,intel, 8192,led ips, 14.0,1.72,windows home 10.00,550.5
dell,intel, i3, 2, 3.0,ddr4, 4,0,128,intel, 8192,led ips, 14.0,1.43,windows home 10.00,417.0
dell,intel, i5, 4, 1.7,ddr4, 8,0,128,intel, 1700,led ips, 14.0,1.39,chrome os  0.00,1389.5
dell,intel, i5, 4, 1.6,ddr4, 8,0,512,intel, 1700,led ips, 13.3,1.3,windows home 10.00,779.5
dell,intel, i5, 4, 1.0,ddr4, 8,0,512,intel, 8192,led ips, 15.6,1.65,windows home 10.00,700.0
dell,intel, i7, 4, 1.8,ddr4, 8,0,512,intel, 1700,led ips, 15.6,2.19,windows home 10.00,750.5
dell,intel, i3, 2, 3.0,ddr4, 8,0,128,intel, 8192,led ips, 15.6,1.71,windows home 10.00,485.5
dell,intel, i5, 4, 1.6,ddr4, 8,0,256,intel, 1700,led ips, 15.6,2.03,windows home 10.00,799.5
dell,intel, i3, 2, 2.1,ddr4, 8,0,256,intel, 1700,led tn, 15.6,1.95,windows home 10.00,500.0
dell,intel, i7, 4, 1.8,ddr4, 8,0,512,intel, 1700,led ips, 14.0,1.21,windows home 10.00,800.0
dell,intel, i3, 2, 3.0,ddr4, 8,0,256,intel, 8192,led ips, 15.6,1.98,windows pro 10.00,649.0
dell,intel, i3, 2, 3.0,ddr4, 8,0,256,intel, 8192,led ips, 14.0,1.64,windows pro 10.00,529.0
acer,intel, i7, 4, 1.8,ddr4, 8,0,256,intel, 1700,led ips, 13.3,1.6,windows home 10.00,699.5
acer,intel, i7, 4, 1.8,ddr3, 16,0,512,intel, 1700,led ips, 14.0,0.97,windows home 10.00,1198.5
acer,intel, i5, 4, 1.6,ddr4, 8,0,256,intel, 1700,led ips, 14.0,1.7,windows home 10.00,1030.0
acer,intel, i5, 4, 1.6,ddr4, 8,0,256,intel, 1700,led ips, 14.0,1.8,windows home 10.00,793.5
acer,intel, i7, 6, 2.2,ddr4, 16,0,256,nvidia, 6144,led ips, 15.6,2.7,windows home 10.00,1400.0
acer,intel, i3, 2, 2.2,ddr4, 4,1000,0,intel, 1700,led ips, 15.6,2.1,windows home 10.00,520.0
acer,intel, i5, 4, 1.6,ddr4, 8,0,256,intel, 1700,led ips, 13.3,1.5,windows pro 10.00,852.5
acer,amd, ryzen 7, 4, 2.2,ddr4, 8,0,256,amd, 2048,led ips, 15.6,2.2,windows home 10.00,1465.5
acer,intel, i7, 4, 1.8,ddr3, 8,0,256,nvidia, 2048,led ips, 14.0,1.35,windows home 10.00,1200.0
acer,intel, i5, 4, 1.6,ddr4, 8,0,256,intel, 1700,led ips, 15.6,0.99,windows home 10.00,749.0
acer,intel, i5, 4, 1.6,ddr3, 8,0,256,intel, 1700,led ips, 14.0,1.35,windows home 10.00,599.5
acer,intel, i7, 6, 2.6,ddr4, 16,2000,256,nvidia, 6144,led ips, 15.6,2.41,windows home 10.00,1327.0
acer,intel, i7, 6, 2.6,ddr4, 16,0,512,nvidia, 4096,led ips, 17.3,2.5,windows home 10.00,2039.0
acer,intel, i7, 2, 1.5,ddr3, 16,0,512,intel, 1700,led ips, 14.0,0.89,windows home 10.00,1414.0
acer,intel, i7, 6, 2.6,ddr4, 16,0,512,nvidia, 6144,led ips, 17.3,2.7,windows home 10.00,1050.5
acer,intel, i5, 4, 2.4,ddr4, 8,0,512,nvidia, 4096,led ips, 15.6,2.5,windows home 10.00,699.5
acer,intel, i7, 6, 2.6,ddr4, 16,0,1024,nvidia, 6144,led ips, 15.6,2.1,windows home 10.00,1899.5
acer,intel, i5, 4, 1.6,ddr4, 8,0,256,intel, 1700,led ips, 15.6,1.9,windows home 10.00,968.5
acer,intel, i5, 4, 1.6,ddr4, 8,0,256,intel, 1700,led ips, 15.6,1.83,windows pro 10.00,849.0
acer,intel, i7, 6, 2.6,ddr4, 16,0,512,nvidia, 6144,led ips, 15.6,2.0,windows home 10.00,1500.0
acer,amd, ryzen 3, 2, 2.6,ddr4, 4,0,128,amd, 2048,led ips, 15.6,1.9,windows home 10.00,377.5
acer,intel, i7, 6, 2.6,ddr4, 32,0,1024,nvidia, 8192,led ips, 17.3,4.5,windows pro 10.00,4300.0
acer,intel, i3, 2, 2.2,ddr4, 4,0,0,intel, 1700,led ips, 15.6,1.95,chrome os  0.00,470.5
acer,intel, i7, 4, 1.8,ddr4, 8,0,512,intel, 1700,led ips, 14.0,1.7,windows home 10.00,720.0
acer,intel, i5, 4, 1.6,ddr4, 8,0,0,intel, 1700,led ips, 14.0,1.5,chrome os  0.00,922.0
acer,intel, i5, 4, 1.0,ddr4, 8,0,512,intel, 8192,led ips, 14.0,1.19,windows home 10.00,650.5
acer,intel, i5, 4, 1.6,ddr4, 8,0,512,nvidia, 2048,led ips, 15.6,1.8,windows home 10.00,699.5
acer,intel, i5, 4, 1.0,ddr4, 8,0,512,intel, 8192,led ips, 14.0,0.99,windows home 10.00,899.5
acer,intel, i5, 4, 1.6,ddr4, 8,0,256,intel, 1700,led ips, 14.0,1.16,windows pro 10.00,1374.5
acer,intel, i7, 6, 2.6,ddr4, 16,0,512,nvidia, 4096,led ips, 15.6,2.5,windows pro 10.00,1930.0
acer,intel, i7, 6, 2.6,ddr4, 32,0,2048,nvidia, 16384,led ips, 15.6,2.1,windows pro 10.00,3800.0
acer,intel, i7, 6, 2.6,ddr4, 16,0,512,nvidia, 4096,led ips, 15.6,2.35,windows pro 10.00,1630.0
acer,intel, i5, 4, 1.6,ddr4, 8,0,512,nvidia, 2048,led ips, 15.6,1.9,windows home 10.00,620.0
acer,intel, i3, 2, 2.1,ddr4, 4,0,128,intel, 1700,led ips, 15.6,1.9,windows home 10.00,550.5
acer,intel, i5, 4, 1.6,ddr4, 8,0,256,intel, 1700,led ips, 15.6,1.8,windows pro 10.00,753.5
acer,intel, i5, 4, 1.0,ddr4, 8,0,256,intel, 8192,led ips, 15.6,1.9,windows home 10.00,399.5
acer,amd, ryzen 5, 6, 2.3,ddr4, 8,0,512,amd, 2048,led tn, 15.6,1.8,windows home 10.00,520.0
acer,amd, ryzen 5, 6, 3.0,ddr4, 8,0,256,nvidia, 4096,led ips, 15.6,2.4,windows home 10.00,620.0
acer,intel, i7, 6, 2.6,ddr4, 16,0,512,nvidia, 6144,led ips, 15.6,2.5,windows home 10.00,1175.5
acer,intel, i5, 4, 2.5,ddr4, 8,0,256,nvidia, 4096,led ips, 15.6,2.3,windows home 10.00,703.0
acer,amd, ryzen 5, 6, 2.3,ddr4, 8,0,256,amd, 2048,led ips, 14.0,1.2,windows home 10.00,579.5
acer,intel, i7, 6, 2.6,ddr4, 16,0,1024,nvidia, 8192,led ips, 15.6,2.1,windows home 10.00,1999.5
acer,intel, i5, 4, 1.6,ddr4, 8,0,256,intel, 1700,led ips, 14.0,1.6,windows pro 10.00,729.0
acer,intel, i5, 4, 2.5,ddr4, 8,0,512,nvidia, 4096,led ips, 17.3,2.2,windows home 10.00,800.0
acer,intel, i5, 4, 1.1,ddr4, 8,0,512,intel, 8192,led ips, 13.5,1.19,windows home 10.00,700.0
acer,intel, i3, 2, 1.2,ddr4, 8,0,128,intel, 8192,led ips, 15.6,2.72,windows home 10.00,530.0
acer,intel, i5, 4, 1.1,ddr4, 8,0,512,intel, 8192,led ips, 14.0,1.5,windows home 10.00,600.0
acer,intel, i5, 4, 1.1,ddr4, 16,0,512,intel, 8192,led ips, 13.5,1.2,windows home 10.00,932.0
acer,amd, ryzen 5, 6, 2.3,ddr4, 8,0,256,amd, 2048,led ips, 15.6,1.8,windows home 10.00,1352.5
acer,intel, i5, 4, 1.0,ddr4, 8,0,512,nvidia, 2048,led ips, 15.6,2.72,windows home 10.00,650.5
acer,intel, i7, 6, 2.6,ddr4, 16,0,512,nvidia, 6144,led ips, 17.3,2.9,windows home 10.00,1299.5
acer,intel, i7, 6, 2.6,ddr4, 16,0,512,nvidia, 8192,led ips, 15.6,2.0,windows home 10.00,1384.5
acer,intel, i7, 6, 2.6,ddr4, 16,0,512,nvidia, 4096,led ips, 14.0,1.73,windows home 10.00,1280.5
acer,intel, i7, 6, 2.6,ddr4, 16,0,1024,nvidia, 6144,led ips, 15.6,2.5,windows pro 10.00,2499.5
acer,intel, i5, 4, 1.6,ddr4, 8,0,128,intel, 1700,led ips, 13.5,1.37,chrome os  0.00,676.5
acer,intel, i5, 4, 2.4,ddr4, 8,0,512,intel, 8192,led ips, 15.6,1.9,windows home 10.00,480.5
acer,intel, i5, 4, 2.4,ddr4, 8,0,512,intel, 8192,led ips, 14.0,1.04,windows home 10.00,1000.0
acer,intel, i7, 6, 2.6,ddr4, 16,0,1024,nvidia, 4096,led ips, 15.6,2.2,windows home 10.00,1699.5
acer,intel, i7, 4, 2.8,ddr4, 8,0,256,intel, 8192,led ips, 14.0,1.2,windows home 10.00,800.0
acer,intel, i5, 4, 2.4,ddr4, 8,0,512,intel, 8192,led ips, 14.0,1.5,windows home 10.00,1400.0
acer,intel, i7, 4, 2.8,ddr4, 16,0,1024,nvidia, 2048,led ips, 14.0,1.5,windows home 10.00,1700.0
acer,intel, i7, 4, 2.8,ddr4, 8,0,512,intel, 8192,led ips, 13.5,1.19,windows home 10.00,900.0
acer,intel, i5, 4, 2.5,ddr4, 8,0,256,intel, 1700,led ips, 14.0,1.5,windows home 10.00,1000.0
acer,intel, i7, 6, 2.6,ddr4, 8,0,256,nvidia, 6144,led ips, 15.6,2.5,windows home 10.00,975.5
acer,intel, i5, 4, 2.4,ddr4, 8,0,512,intel, 8192,led ips, 14.0,1.7,windows home 10.00,650.5
acer,intel, i5, 4, 2.4,ddr4, 8,0,512,intel, 8192,led ips, 14.0,1.37,windows home 10.00,900.0
apple,intel, i7, 6, 2.6,ddr4, 32,0,512,amd, 4096,led ips, 15.4,1.83,macos  11.00,3099.5
apple,intel, i7, 6, 2.6,ddr4, 32,0,1024,amd, 4096,led ips, 15.4,1.83,macos  11.00,3230.0
apple,intel, i3, 2, 1.1,ddr4, 16,0,512,intel, 8192,led ips, 13.3,1.25,macos  11.00,1399.5
apple,intel, i7, 6, 2.6,ddr4, 32,0,4096,amd, 4096,led ips, 15.4,1.83,macos  11.00,4410.0
apple,intel, i7, 6, 2.6,ddr4, 32,0,512,amd, 4096,led ips, 15.4,1.83,macos  11.00,3099.5
apple,intel, i3, 2, 1.1,ddr4, 16,0,512,intel, 8192,led ips, 13.3,1.25,macos  11.00,1399.5
apple,intel, i5, 4, 1.4,ddr3, 16,0,2048,intel, 128,led ips, 13.3,1.37,macos  11.00,2499.5
apple,intel, i5, 4, 1.4,ddr3, 16,0,128,intel, 128,led ips, 13.3,1.37,macos  11.00,1450.0
apple,intel, i7, 6, 2.6,ddr4, 64,0,8192,amd, 4096,led ips, 16.1,2.0,macos  11.00,5599.5
apple,intel, i5, 4, 2.0,ddr4, 32,0,1024,intel, 8192,led ips, 13.3,1.4,macos  11.00,2399.5
apple,intel, i5, 4, 2.0,ddr4, 32,0,2048,intel, 8192,led ips, 13.3,1.4,macos  11.00,2799.5
asus,intel, i7, 6, 2.6,ddr4, 32,0,4096,nvidia, 6144,led ips, 15.6,1.9,windows pro 10.00,2929.0
asus,amd, ryzen 5, 4, 2.1,ddr4, 4,0,512,amd, 2048,led tn, 15.6,1.59,windows home 10.00,610.0
asus,amd, ryzen 5, 4, 2.1,ddr4, 4,0,128,amd, 2048,led tn, 15.6,1.59,windows home 10.00,570.5
asus,intel, i7, 6, 2.6,ddr4, 16,2000,1024,nvidia, 4096,led ips, 15.6,2.4,windows home 10.00,1329.0
asus,intel, i7, 6, 2.6,ddr4, 32,0,512,nvidia, 6144,led ips, 15.6,1.9,windows home 10.00,1540.0
asus,intel, i7, 4, 1.8,ddr4, 16,0,2048,nvidia, 2048,led ips, 14.0,1.5,windows pro 10.00,2009.0
asus,intel, i7, 4, 1.8,ddr4, 16,0,1024,nvidia, 4096,led ips, 15.6,1.65,windows pro 10.00,1450.5
asus,amd, ryzen 7, 8, 2.9,ddr4, 64,2000,4096,nvidia, 6144,led ips, 15.6,2.3,windows pro 10.00,2915.0
asus,intel, i7, 6, 2.6,ddr4, 64,0,6144,nvidia, 6144,led ips, 17.3,2.85,windows home 10.00,2949.0
asus,intel, i7, 6, 2.6,ddr4, 32,0,6144,nvidia, 6144,led ips, 17.3,2.85,windows home 10.00,2789.5
asus,amd, ryzen 5, 6, 2.3,ddr4, 8,0,1024,nvidia, 2048,led ips, 14.0,1.15,windows pro 10.00,740.0
asus,amd, ryzen 5, 6, 2.3,ddr4, 8,0,512,nvidia, 2048,led ips, 14.0,1.15,windows pro 10.00,730.0
asus,intel, i7, 8, 2.3,ddr4, 16,0,2048,nvidia, 8192,led ips, 17.3,2.9,windows home 10.00,2659.5
asus,intel, i7, 6, 2.6,ddr4, 32,0,4096,nvidia, 6144,led ips, 15.6,1.98,windows pro 10.00,2679.5
asus,intel, i7, 6, 2.6,ddr4, 32,0,2048,nvidia, 6144,led ips, 15.6,1.98,windows pro 10.00,2279.5
asus,intel, i7, 8, 2.3,ddr4, 48,0,6144,nvidia, 8192,led ips, 15.6,2.0,windows home 10.00,4429.0
asus,amd, ryzen 5, 6, 3.0,ddr4, 16,1000,1024,nvidia, 4096,led ips, 15.6,2.3,windows home 10.00,1169.5
asus,intel, i7, 6, 2.6,ddr4, 40,0,4096,nvidia, 8192,led ips, 17.3,2.6,windows home 10.00,3379.5
asus,intel, i7, 6, 2.6,ddr4, 32,0,4096,nvidia, 4096,led ips, 15.6,2.3,windows home 10.00,2499.5
asus,intel, i7, 6, 2.6,ddr4, 32,0,1024,nvidia, 4096,led ips, 15.6,2.3,windows home 10.00,1499.5
asus,amd, ryzen 7, 8, 2.9,ddr4, 16,0,1024,nvidia, 4096,led ips, 14.0,1.6,windows home 10.00,1176.5
asus,intel, i7, 6, 2.6,ddr4, 24,2000,512,nvidia, 4096,led ips, 15.6,2.0,windows home 10.00,1589.5
asus,intel, i7, 4, 2.8,ddr4, 16,0,1024,intel, 8192,led ips, 13.3,1.11,windows home 10.00,1000.0
asus,intel, i7, 4, 2.8,ddr4, 16,0,512,intel, 8192,oled, 13.3,1.2,windows pro 10.00,1549.0
apple,intel, i7, 6, 2.6,ddr4, 32,0,4096,amd, 4096,led ips, 16.1,2.0,macos  11.00,3999.5
apple,intel, i7, 6, 2.6,ddr4, 32,0,8192,amd, 4096,led ips, 16.1,2.0,macos  11.00,5199.5
apple,intel, i5, 4, 1.4,ddr3, 16,0,128,intel, 128,led ips, 13.3,1.37,macos  11.00,1450.0
apple,intel, i5, 4, 1.4,ddr3, 16,0,512,intel, 128,led ips, 13.3,1.37,macos  11.00,1899.5
apple,intel, i5, 4, 2.0,ddr4, 32,0,4096,intel, 8192,led ips, 13.3,1.4,macos  11.00,3399.5
asus,amd, ryzen 7, 8, 2.9,ddr4, 40,0,2048,nvidia, 6144,led ips, 14.0,1.7,windows home 10.00,1794.5
asus,intel, i7, 4, 1.8,ddr4, 16,0,2048,nvidia, 2048,led ips, 14.0,1.5,windows pro 10.00,2009.0
asus,intel, i3, 2, 1.2,ddr4, 20,0,1024,intel, 8192,led ips, 15.6,1.75,windows home 10.00,799.5
asus,intel, i7, 6, 2.6,ddr4, 32,0,2048,nvidia, 6144,led ips, 15.6,1.98,windows pro 10.00,2279.5
asus,intel, i7, 6, 2.6,ddr4, 32,0,4096,nvidia, 6144,led ips, 15.6,1.98,windows pro 10.00,2679.5
asus,intel, i7, 4, 1.8,ddr4, 16,0,1024,nvidia, 4096,led ips, 15.6,1.65,windows pro 10.00,1450.5
asus,amd, ryzen 7, 8, 2.9,ddr4, 16,0,4096,nvidia, 6144,led ips, 15.6,2.1,windows home 10.00,2075.5
asus,intel, i7, 4, 2.8,ddr4, 32,0,2048,intel, 8192,led ips, 14.0,0.86,windows pro 10.00,2000.0
asus,intel, i7, 8, 2.3,ddr4, 64,0,4096,nvidia, 8192,led ips, 17.3,2.9,windows home 10.00,3909.0
asus,intel, i7, 6, 2.6,ddr4, 40,0,4096,nvidia, 8192,led ips, 17.3,2.6,windows home 10.00,3379.5
asus,intel, i7, 6, 2.6,ddr4, 40,0,2048,nvidia, 8192,led ips, 17.3,2.6,windows home 10.00,2919.0
asus,intel, i7, 4, 2.8,ddr4, 16,0,512,intel, 8192,oled, 13.3,1.2,windows pro 10.00,1549.0
asus,amd, ryzen 7, 8, 2.9,ddr4, 40,0,4096,nvidia, 4096,led ips, 14.0,1.6,windows home 10.00,2559.5
asus,amd, ryzen 7, 8, 2.9,ddr4, 64,1000,256,nvidia, 6144,led ips, 15.6,2.3,windows pro 10.00,2169.5
asus,intel, i7, 6, 2.6,ddr4, 16,1000,256,nvidia, 4096,led ips, 15.6,2.3,windows home 10.00,943.0
asus,intel, i7, 6, 2.6,ddr4, 32,2000,2048,nvidia, 4096,led ips, 15.6,2.4,windows home 10.00,1337.0
asus,amd, ryzen 7, 8, 2.9,ddr4, 32,0,2048,nvidia, 4096,led ips, 17.3,2.58,windows home 10.00,1430.0
asus,intel, i7, 6, 2.6,ddr4, 32,1000,1024,nvidia, 4096,led ips, 15.6,2.4,windows home 10.00,1209.0
asus,intel, i7, 6, 2.6,ddr4, 64,0,1024,nvidia, 4096,led ips, 15.6,2.3,windows home 10.00,2000.0
asus,intel, i7, 6, 2.6,ddr4, 16,0,2048,nvidia, 4096,led ips, 15.6,2.3,windows home 10.00,1909.0
asus,intel, i7, 6, 2.6,ddr4, 24,2000,0,nvidia, 4096,led ips, 15.6,2.0,windows home 10.00,1339.0
asus,intel, i7, 6, 2.6,ddr4, 24,0,4096,nvidia, 4096,led ips, 15.6,2.0,windows home 10.00,2107.0
asus,intel, i7, 4, 2.8,ddr4, 16,0,1024,intel, 8192,led ips, 13.3,1.11,windows home 10.00,1000.0
asus,amd, ryzen 5, 4, 2.1,ddr4, 4,0,512,amd, 2048,led tn, 15.6,1.59,windows home 10.00,610.0
asus,amd, ryzen 5, 4, 2.1,ddr4, 4,0,128,amd, 2048,led tn, 15.6,1.59,windows home 10.00,570.5
asus,intel, i7, 8, 2.3,ddr4, 40,0,6144,nvidia, 8192,led ips, 15.6,2.0,windows home 10.00,3905.0
asus,intel, i7, 8, 2.3,ddr4, 24,0,6144,nvidia, 8192,led ips, 15.6,2.0,windows home 10.00,3825.0
asus,amd, ryzen 7, 8, 2.0,ddr4, 8,0,1024,nvidia, 2048,led ips, 15.6,1.9,windows home 10.00,1000.0
asus,amd, ryzen 7, 8, 2.0,ddr4, 8,0,512,nvidia, 2048,led ips, 15.6,1.9,windows home 10.00,900.0
asus,amd, ryzen 5, 6, 2.3,ddr4, 8,0,128,nvidia, 2048,led ips, 14.0,1.15,windows pro 10.00,690.5
asus,amd, ryzen 5, 6, 2.3,ddr4, 8,0,512,nvidia, 2048,led ips, 14.0,1.15,windows pro 10.00,730.0
hp,intel, i5, 4, 1.0,ddr4, 12,1000,256,nvidia, 2048,led ips, 17.3,2.73,windows pro 10.00,900.0
hp,intel, i7, 4, 1.9,ddr4, 8,0,256,intel, 1700,led ips, 15.6,1.77,windows pro 10.00,1647.0
hp,intel, i5, 4, 2.4,ddr4, 16,0,512,intel, 8192,led ips, 13.3,1.24,windows home 10.00,620.0
hp,intel, i3, 2, 1.0,ddr4, 4,0,256,intel, 1700,led tn, 11.6,1.43,windows pro 10.00,801.0
hp,intel, i3, 2, 3.0,ddr4, 16,0,512,intel, 8192,led tn, 14.0,1.47,windows pro 10.00,610.0
hp,intel, i3, 2, 3.0,ddr4, 12,0,512,intel, 8192,led tn, 14.0,1.47,windows pro 10.00,570.5
hp,intel, i7, 4, 1.8,ddr4, 8,0,256,intel, 1700,led ips, 13.3,1.17,windows pro 10.00,995.5
hp,intel, i5, 4, 1.0,ddr4, 16,0,256,intel, 8192,led tn, 14.0,1.6,windows home 10.00,639.0
hp,intel, i5, 4, 1.0,ddr4, 16,0,512,intel, 8192,led tn, 14.0,1.6,windows home 10.00,700.0
hp,intel, i5, 4, 2.4,ddr4, 12,1000,256,intel, 8192,led tn, 15.6,1.92,windows pro 10.00,730.0
hp,intel, i5, 4, 1.6,ddr4, 8,0,256,intel, 1700,led ips, 14.0,1.68,windows home 10.00,940.0
hp,intel, i7, 4, 2.8,ddr4, 8,0,1024,intel, 8192,led ips, 13.3,1.32,windows home 10.00,1050.5
hp,intel, i7, 4, 2.8,ddr4, 8,0,2048,intel, 8192,led ips, 13.3,1.32,windows home 10.00,1220.0
hp,intel, i5, 4, 2.4,ddr4, 16,0,1024,intel, 8192,led tn, 14.0,1.54,windows pro 10.00,860.5
hp,intel, i5, 4, 2.4,ddr4, 16,0,512,intel, 8192,led tn, 14.0,1.54,windows pro 10.00,720.0
hp,intel, i7, 6, 1.1,ddr4, 4,0,512,intel, 1700,led ips, 15.6,1.76,windows pro 10.00,1675.5
hp,intel, i5, 4, 1.6,ddr4, 16,0,512,intel, 1700,led ips, 15.6,2.0,windows pro 10.00,1150.5
hp,intel, i5, 4, 2.5,ddr4, 16,2000,2048,intel, 1700,led ips, 15.6,2.42,windows pro 10.00,2418.0
hp,amd, ryzen 5, 4, 2.1,ddr4, 16,0,512,amd, 2048,led ips, 14.0,1.6,windows pro 10.00,839.0
hp,amd, ryzen 5, 6, 3.0,ddr4, 64,2000,2048,nvidia, 4096,led ips, 15.6,1.98,windows home 10.00,1499.5
hp,intel, i7, 4, 1.3,ddr4, 8,0,2048,intel, 8192,led ips, 13.3,1.17,windows home 10.00,1159.5
hp,intel, i7, 6, 2.6,ddr4, 16,0,512,intel, 1700,led ips, 15.6,1.79,no os  0.00,1945.0
hp,intel, i7, 4, 1.8,ddr4, 32,0,1024,nvidia, 2048,led ips, 15.6,2.18,windows home 10.00,1899.5
hp,intel, i5, 4, 1.6,ddr4, 16,0,512,intel, 1700,led ips, 13.3,1.31,windows home 10.00,1564.5
hp,intel, i5, 4, 1.6,ddr4, 32,0,1024,intel, 1700,led ips, 13.3,1.31,windows home 10.00,1963.5
hp,intel, i7, 4, 2.8,ddr4, 16,0,1024,intel, 8192,led ips, 15.6,1.92,windows pro 10.00,1470.5
hp,intel, i7, 4, 2.8,ddr4, 16,0,1024,intel, 8192,led ips, 15.6,1.92,windows pro 10.00,1470.5
hp,intel, i5, 4, 2.4,ddr4, 16,0,1024,intel, 8192,led ips, 15.6,1.97,windows pro 10.00,1140.0
hp,intel, i7, 6, 2.6,ddr4, 24,0,1024,nvidia, 8192,led ips, 15.6,2.35,windows home 10.00,2900.0
hp,amd, ryzen 3, 4, 2.5,ddr4, 32,0,256,amd, 2048,led ips, 15.6,1.77,windows pro 10.00,1346.0
hp,amd, ryzen 3, 4, 2.5,ddr4, 8,0,512,amd, 2048,led ips, 15.6,1.77,windows home 10.00,1116.0
hp,intel, i5, 4, 1.6,ddr4, 4,0,512,intel, 1700,led ips, 14.0,1.45,windows home 10.00,1385.5
hp,intel, i5, 4, 1.6,ddr4, 64,0,512,intel, 1700,led ips, 14.0,1.45,windows home 10.00,2158.5
hp,intel, i5, 4, 1.6,ddr4, 64,0,512,intel, 1700,led ips, 14.0,1.41,windows pro 10.00,2049.0
hp,intel, i5, 4, 1.6,ddr4, 16,0,256,intel, 1700,led ips, 14.0,1.41,windows pro 10.00,1411.0
hp,amd, ryzen 3, 4, 2.5,ddr4, 16,0,1024,amd, 2048,led ips, 14.0,1.47,windows pro 10.00,1487.5
hp,amd, ryzen 3, 4, 2.5,ddr4, 16,0,1024,amd, 2048,led ips, 14.0,1.47,windows home 10.00,1427.0
hp,intel, i5, 4, 1.6,ddr4, 32,0,256,intel, 1700,led ips, 13.3,1.32,windows pro 10.00,1943.0
hp,amd, ryzen 5, 6, 2.1,ddr4, 8,0,256,amd, 2048,led ips, 13.3,1.36,windows home 10.00,1180.5
hp,amd, ryzen 5, 6, 2.1,ddr4, 32,0,256,amd, 2048,led ips, 13.3,1.36,no os  0.00,1352.5
hp,intel, i5, 4, 1.6,ddr4, 16,0,1024,intel, 1700,led ips, 14.0,1.32,windows home 10.00,2137.0
hp,intel, i5, 4, 1.6,ddr4, 64,0,512,intel, 1700,led ips, 13.3,1.35,windows home 10.00,2205.0
hp,intel, i5, 4, 1.6,ddr4, 32,0,128,intel, 1700,led ips, 13.3,1.35,windows home 10.00,1654.5
hp,intel, i5, 4, 2.4,ddr4, 16,0,256,intel, 8192,led ips, 13.3,1.31,windows pro 10.00,820.0
hp,intel, i7, 4, 1.8,ddr4, 16,0,1024,intel, 1700,led ips, 15.6,2.05,windows home 10.00,1046.0
hp,intel, i3, 2, 1.2,ddr4, 8,0,512,intel, 8192,led tn, 14.0,1.47,windows pro 10.00,618.0
hp,amd, ryzen 7, 4, 2.3,ddr4, 8,0,256,amd, 2048,led ips, 13.3,1.44,windows pro 10.00,1326.0
hp,intel, i5, 4, 1.6,ddr4, 8,0,512,intel, 1700,led tn, 14.0,1.6,windows pro 10.00,979.5
hp,intel, i7, 6, 2.6,ddr4, 16,0,1024,nvidia, 4096,led ips, 15.6,2.17,windows pro 10.00,1688.5
hp,intel, i3, 2, 3.0,ddr4, 16,0,1024,intel, 8192,led tn, 14.0,1.61,windows pro 10.00,776.5
hp,intel, i3, 2, 3.0,ddr4, 16,0,256,intel, 8192,led tn, 14.0,1.61,windows pro 10.00,686.5
hp,intel, i7, 6, 2.6,ddr4, 12,1000,256,nvidia, 6144,led ips, 15.6,2.39,windows pro 10.00,1240.0
hp,intel, i7, 8, 2.3,ddr4, 32,0,1024,nvidia, 8192,led ips, 17.3,2.14,windows pro 10.00,2049.0
hp,intel, i7, 8, 2.3,ddr4, 64,0,4096,nvidia, 8192,led ips, 17.3,2.14,windows pro 10.00,2749.0
hp,intel, i7, 6, 2.6,ddr4, 8,0,1024,nvidia, 4096,led ips, 15.6,1.92,windows pro 10.00,1460.5
hp,intel, i7, 6, 2.6,ddr4, 8,0,512,nvidia, 4096,led ips, 15.6,1.92,windows pro 10.00,1390.5
hp,intel, i5, 4, 1.6,ddr4, 16,0,1024,intel, 1700,led ips, 15.6,1.76,windows pro 10.00,1728.0
hp,intel, i5, 4, 1.6,ddr4, 32,0,512,intel, 1700,led ips, 15.6,1.76,windows pro 10.00,1752.5
hp,intel, i5, 4, 2.4,ddr4, 32,1000,512,nvidia, 4096,led ips, 15.6,2.25,windows home 10.00,1059.5
hp,intel, i5, 4, 2.5,ddr4, 64,0,2048,intel, 1700,led ips, 15.6,1.92,windows pro 10.00,2761.5
hp,intel, i5, 4, 2.5,ddr4, 32,0,512,intel, 1700,led ips, 15.6,1.92,windows pro 10.00,1728.0
lenovo,intel, i5, 4, 2.4,ddr4, 16,0,512,intel, 8192,led ips, 14.0,1.44,windows pro 10.00,1565.5
lenovo,intel, i5, 4, 2.4,ddr4, 16,0,1024,intel, 8192,led ips, 14.0,1.44,windows pro 10.00,1645.0
lenovo,amd, ryzen 5, 6, 2.1,ddr4, 16,0,1024,amd, 2048,led ips, 14.0,1.35,windows home 10.00,2472.5
lenovo,intel, i3, 2, 1.2,ddr4, 8,2000,512,intel, 8192,led tn, 15.6,1.85,windows home 10.00,762.5
lenovo,intel, i5, 4, 1.8,ddr4, 16,0,512,intel, 8192,led ips, 13.0,1.03,windows pro 10.00,2015.0
lenovo,intel, i5, 4, 1.8,ddr4, 16,0,1024,intel, 8192,led ips, 13.0,1.03,windows pro 10.00,2197.5
lenovo,intel, i7, 4, 1.8,ddr4, 16,0,512,intel, 1700,led ips, 13.3,1.34,windows pro 10.00,1150.5
lenovo,intel, i5, 4, 1.6,ddr4, 16,0,1024,intel, 1700,led ips, 13.3,1.43,windows pro 10.00,1958.5
lenovo,intel, i7, 4, 1.8,ddr4, 24,0,1024,intel, 1700,led ips, 15.6,1.8,windows pro 10.00,1200.0
lenovo,intel, i7, 4, 1.3,ddr4, 16,0,512,intel, 8192,led ips, 14.0,1.25,windows pro 10.00,1847.0
lenovo,intel, i3, 2, 1.2,ddr4, 8,0,256,intel, 8192,led ips, 14.0,1.5,windows home 10.00,599.5
lenovo,intel, i5, 4, 1.6,ddr4, 16,0,512,intel, 1700,led ips, 13.3,1.25,windows home 10.00,2219.0
lenovo,intel, i5, 4, 1.6,ddr4, 16,0,128,intel, 1700,led ips, 13.3,1.25,windows home 10.00,1768.5
lenovo,intel, i5, 4, 2.4,ddr4, 16,0,512,intel, 8192,led ips, 15.6,1.7,windows pro 10.00,957.5
lenovo,amd, ryzen 7, 8, 2.0,ddr4, 16,0,512,amd, 2048,led ips, 15.6,1.7,windows pro 10.00,1269.5
lenovo,intel, i5, 4, 2.4,ddr4, 16,0,512,intel, 8192,led ips, 14.0,1.44,windows pro 10.00,1565.5
lenovo,intel, i5, 4, 2.4,ddr4, 16,0,1024,intel, 8192,led ips, 14.0,1.44,windows pro 10.00,1645.0
lenovo,intel, i5, 4, 2.4,ddr4, 16,0,1024,intel, 8192,led ips, 14.0,1.4,windows pro 10.00,1150.5
lenovo,intel, i5, 4, 2.4,ddr4, 16,0,256,intel, 8192,led ips, 14.0,1.4,windows pro 10.00,1015.0
lenovo,amd, ryzen 7, 8, 1.7,ddr4, 24,0,512,amd, 2048,led ips, 14.0,1.47,windows home 10.00,2284.5
lenovo,amd, ryzen 7, 8, 1.7,ddr4, 40,0,1024,amd, 2048,led ips, 14.0,1.47,windows home 10.00,2819.0
lenovo,intel, i5, 4, 1.6,ddr4, 12,0,512,intel, 1700,led ips, 14.0,1.32,windows pro 10.00,1200.0
lenovo,intel, i5, 4, 1.6,ddr4, 8,0,1024,intel, 1700,led ips, 14.0,1.61,linux ubuntu 0.00,2384.5
lenovo,intel, i5, 4, 1.6,ddr4, 48,0,256,intel, 1700,led ips, 14.0,1.61,windows home 10.00,2681.5
lenovo,intel, i5, 4, 1.6,ddr3, 16,0,512,intel, 1700,led ips, 14.0,1.09,windows home 10.00,2636.0
lenovo,intel, i7, 4, 1.8,ddr4, 24,0,1024,intel, 1700,led ips, 15.6,1.8,windows pro 10.00,1200.0
lenovo,intel, i5, 4, 1.8,ddr4, 16,0,512,intel, 8192,led ips, 13.0,1.03,windows pro 10.00,2015.0
lenovo,intel, i5, 4, 1.8,ddr4, 16,0,1024,intel, 8192,led ips, 13.0,1.03,windows pro 10.00,2197.5
lenovo,amd, ryzen 5, 6, 2.1,ddr4, 16,0,1024,amd, 2048,led ips, 14.0,1.35,windows home 10.00,2472.5
lenovo,intel, i7, 4, 1.8,ddr4, 32,0,2048,nvidia, 2048,led ips, 14.0,1.47,windows home 10.00,3315.0
lenovo,intel, i7, 4, 1.8,ddr4, 24,0,1024,nvidia, 2048,led ips, 14.0,1.47,windows home 10.00,2865.5
lenovo,intel, i7, 4, 1.8,ddr4, 16,0,512,intel, 1700,led ips, 13.3,1.34,windows pro 10.00,899.5
lenovo,intel, i5, 4, 1.0,ddr4, 20,0,2048,intel, 8192,led tn, 17.3,2.2,windows home 10.00,969.5
lenovo,intel, i5, 4, 1.0,ddr4, 16,0,1024,intel, 8192,led tn, 17.3,2.2,windows home 10.00,838.0
lenovo,amd, ryzen 7, 8, 2.0,ddr4, 16,0,512,amd, 2048,led ips, 15.6,1.7,windows pro 10.00,1269.5
lenovo,intel, i7, 6, 2.6,ddr4, 16,1000,0,nvidia, 6144,led ips, 15.6,2.2,windows home 10.00,1105.0
lenovo,amd, ryzen 5, 6, 2.3,ddr4, 16,0,2048,amd, 2048,led ips, 15.6,1.7,windows home 10.00,2372.5
lenovo,amd, ryzen 5, 6, 2.3,ddr4, 24,0,1536,amd, 2048,led ips, 15.6,1.7,windows home 10.00,2196.5
lenovo,intel, i5, 4, 1.6,ddr4, 16,0,128,intel, 1700,led ips, 13.3,1.29,windows home 10.00,1771.5
lenovo,intel, i5, 4, 1.6,ddr4, 16,0,512,intel, 1700,led ips, 13.3,1.29,windows home 10.00,2222.0
lenovo,intel, i7, 4, 3.0,ddr4, 16,0,2048,intel, 8192,led ips, 14.0,1.44,windows home 10.00,2199.5
lenovo,intel, i7, 4, 1.3,ddr4, 16,0,512,intel, 8192,led ips, 14.0,1.25,windows pro 10.00,1847.0
lenovo,intel, i5, 4, 1.0,ddr4, 8,0,256,intel, 8192,led tn, 14.0,1.6,windows home 10.00,569.5
lenovo,intel, i7, 4, 1.8,ddr4, 12,0,512,nvidia, 2048,led ips, 15.6,2.0,windows pro 10.00,999.5
lenovo,intel, i7, 4, 1.8,ddr4, 16,0,1024,nvidia, 2048,led ips, 15.6,1.75,windows pro 10.00,1389.5
lenovo,intel, i7, 4, 1.8,ddr4, 40,0,2048,nvidia, 2048,led ips, 15.6,1.75,windows pro 10.00,2100.0
lenovo,intel, i7, 6, 2.6,ddr4, 8,0,1280,nvidia, 4096,led ips, 15.6,1.8,windows home 10.00,3639.0
lenovo,intel, i7, 6, 2.6,ddr4, 32,0,2304,nvidia, 4096,led ips, 15.6,1.8,windows home 10.00,4459.5
lenovo,amd, ryzen 3, 4, 2.7,ddr4, 8,0,256,amd, 2048,led ips, 14.0,1.5,windows home 10.00,549.0
lenovo,intel, i7, 6, 2.6,ddr4, 16,0,1024,nvidia, 4096,led ips, 15.6,2.0,windows home 10.00,1800.0
lenovo,amd, ryzen 5, 4, 2.1,ddr4, 16,0,256,amd, 2048,led ips, 14.0,1.27,windows pro 10.00,1037.0
lenovo,intel, i7, 4, 1.8,ddr4, 16,0,512,intel, 1700,led ips, 13.3,1.34,windows pro 10.00,1150.5
lenovo,intel, i7, 4, 2.8,ddr4, 32,0,1024,nvidia, 2048,led ips, 17.3,3.4,windows pro 10.00,2399.5
lenovo,intel, i7, 4, 1.9,ddr4, 16,0,512,intel, 1700,led ips, 13.3,1.28,windows pro 10.00,935.0
lenovo,amd, ryzen 5, 6, 2.1,ddr4, 32,0,512,amd, 2048,led ips, 14.0,1.55,windows home 10.00,2292.5
lenovo,intel, i5, 5, 1.4,ddr4, 8,0,1024,intel, 8192,oled, 13.3,1.0,windows pro 10.00,3099.5
lenovo,intel, i5, 5, 1.4,ddr4, 8,0,512,intel, 8192,oled, 13.3,1.0,windows pro 10.00,2899.5
lenovo,intel, i5, 4, 1.6,ddr4, 40,0,2048,nvidia, 2048,led ips, 15.6,1.75,windows home 10.00,3375.5
lenovo,intel, i3, 2, 1.2,ddr4, 12,2000,1024,intel, 8192,led tn, 15.6,1.85,windows home 10.00,956.5
lenovo,intel, i5, 4, 1.6,ddr4, 16,0,1024,intel, 1700,led ips, 13.3,1.38,windows home 10.00,2001.0
lenovo,intel, i5, 4, 1.6,ddr4, 16,0,512,intel, 1700,led ips, 13.3,1.25,windows home 10.00,2219.0
lenovo,intel, i5, 4, 1.6,ddr4, 16,0,1024,intel, 1700,led ips, 13.3,1.25,windows home 10.00,2487.5
lenovo,intel, i3, 2, 1.2,ddr4, 4,500,0,intel, 8192,led tn, 15.6,1.85,windows pro 10.00,515.0
lenovo,intel, i5, 4, 2.5,ddr4, 32,0,2048,intel, 1700,led ips, 15.6,2.07,windows home 10.00,3132.0
lenovo,intel, i5, 4, 2.5,ddr4, 64,0,512,intel, 1700,led ips, 15.6,2.07,windows home 10.00,2924.0
lenovo,intel, i3, 2, 1.2,ddr4, 8,0,256,intel, 8192,led ips, 14.0,1.6,windows pro 10.00,538.0
lenovo,intel, i5, 4, 1.6,ddr4, 16,0,128,intel, 1700,led ips, 14.0,1.49,windows home 10.00,2088.5
lenovo,intel, i7, 6, 2.7,ddr4, 128,0,256,nvidia, 8192,led ips, 15.6,2.74,windows home 10.00,5859.5
lenovo,intel, i7, 6, 2.7,ddr4, 32,0,256,nvidia, 8192,led ips, 15.6,2.74,windows home 10.00,4084.5
lenovo,intel, i5, 4, 2.5,ddr4, 32,0,3072,nvidia, 4096,led ips, 15.6,2.07,windows home 10.00,4194.5
lenovo,intel, i5, 4, 2.5,ddr4, 8,0,3072,nvidia, 4096,led ips, 15.6,2.07,windows home 10.00,3729.0
lenovo,intel, i5, 4, 1.6,ddr3, 16,0,512,intel, 1700,led ips, 14.0,1.36,windows pro 10.00,1050.5
lenovo,intel, i7, 6, 2.6,ddr4, 8,500,128,nvidia, 6144,led ips, 15.6,2.35,windows pro 10.00,1205.0
lenovo,intel, i5, 4, 1.6,ddr3, 16,0,1024,intel, 1700,led ips, 14.0,1.36,linux ubuntu 0.00,2995.5
lenovo,intel, i5, 4, 1.6,ddr4, 8,0,256,intel, 1700,led ips, 15.6,1.89,windows home 10.00,1981.5
lenovo,intel, i5, 4, 1.6,ddr4, 40,0,128,intel, 1700,led ips, 15.6,1.89,linux ubuntu 0.00,2306.0
lenovo,intel, i5, 4, 1.6,ddr4, 8,0,256,intel, 1700,led ips, 13.3,1.4,windows home 10.00,740.0
lenovo,intel, i3, 2, 2.1,ddr4, 8,500,512,intel, 1700,led ips, 14.0,1.77,windows home 10.00,1517.0
lenovo,intel, i5, 4, 2.4,ddr4, 16,0,512,intel, 8192,led ips, 14.0,1.5,windows pro 10.00,951.5
lenovo,amd, ryzen 5, 6, 3.0,ddr4, 16,1000,1024,nvidia, 6144,led ips, 17.3,2.98,windows pro 10.00,1460.5
lenovo,amd, ryzen 5, 6, 3.0,ddr4, 16,1000,512,nvidia, 6144,led ips, 17.3,2.98,windows pro 10.00,1385.5
lg,intel, i5, 4, 1.6,ddr4, 24,0,2048,intel, 1700,led ips, 14.0,0.99,windows home 10.00,1293.5
lg,intel, i7, 4, 1.3,ddr4, 32,0,2048,intel, 8192,led ips, 17.0,1.35,windows home 10.00,1899.5
lg,intel, i7, 4, 1.8,ddr4, 16,0,1024,intel, 1700,led ips, 14.0,1.15,windows home 10.00,1329.0
dell,intel, i7, 6, 2.6,ddr4, 16,0,512,nvidia, 3072,led ips, 15.6,1.9,windows pro 10.00,1897.5
dell,intel, i5, 4, 2.6,ddr4, 32,0,2560,intel, 1700,led ips, 15.6,2.49,windows pro 10.00,3710.0
dell,intel, i5, 4, 2.6,ddr4, 16,0,1536,intel, 1700,led ips, 15.6,2.49,windows home 10.00,2586.5
dell,intel, i3, 2, 2.7,ddr4, 16,0,512,intel, 1700,led ips, 14.0,4.15,windows pro 10.00,2084.5
dell,intel, i3, 2, 2.7,ddr4, 16,0,1024,intel, 1700,led ips, 14.0,4.15,windows pro 10.00,2659.5
dell,intel, i5, 4, 1.6,ddr4, 16,0,256,intel, 1700,led ips, 15.6,1.82,windows pro 10.00,1691.5
dell,intel, i5, 4, 1.6,ddr4, 32,2000,2048,intel, 1700,led ips, 15.6,2.03,windows home 10.00,1369.5
dell,intel, i7, 4, 1.9,ddr4, 32,0,512,intel, 1700,led ips, 13.3,1.25,windows pro 10.00,1449.0
dell,intel, i7, 6, 2.3,ddr4, 16,0,1024,nvidia, 4096,led ips, 15.6,1.8,windows home 10.00,1996.5
dell,intel, i7, 6, 2.3,ddr4, 32,0,512,nvidia, 4096,led ips, 15.6,1.8,windows pro 10.00,2012.0
dell,intel, i5, 4, 2.6,ddr4, 64,0,1024,intel, 1700,led ips, 15.6,1.84,windows pro 10.00,2931.0
dell,intel, i5, 4, 2.6,ddr4, 16,0,3072,intel, 1700,led ips, 15.6,1.84,windows home 10.00,3561.5
dell,intel, i5, 4, 2.6,ddr4, 128,0,3072,intel, 1700,led ips, 17.3,3.13,windows home 10.00,4930.0
dell,intel, i5, 4, 2.6,ddr4, 16,0,3072,intel, 1700,led ips, 17.3,3.13,windows home 10.00,3275.5
dell,intel, i5, 4, 1.6,ddr4, 32,1000,0,nvidia, 2048,led tn, 15.6,1.86,windows home 10.00,1578.5
dell,intel, i5, 4, 1.6,ddr4, 32,0,512,nvidia, 2048,led tn, 15.6,1.86,windows pro 10.00,1838.0
dell,intel, i5, 4, 2.4,ddr4, 16,0,2048,intel, 8192,led ips, 13.4,1.27,linux ubuntu 0.00,1699.5
dell,intel, i3, 2, 2.1,ddr4, 8,500,256,intel, 1700,led tn, 14.0,1.65,windows pro 10.00,889.5
dell,intel, i5, 4, 2.5,ddr4, 32,0,512,intel, 1700,led ips, 15.6,2.05,windows pro 10.00,1560.5
dell,intel, i5, 4, 2.5,ddr4, 64,0,2048,intel, 1700,led ips, 15.6,2.05,windows pro 10.00,2310.0
dell,intel, i5, 4, 1.1,ddr4, 32,1000,1024,intel, 8192,led tn, 14.0,1.79,windows home 10.00,1958.5
dell,intel, i5, 4, 1.1,ddr4, 8,1000,512,intel, 8192,led tn, 14.0,1.79,windows home 10.00,859.5
dell,intel, i5, 4, 2.3,ddr4, 16,1000,512,nvidia, 4096,led ips, 15.6,2.85,windows home 10.00,994.5
dell,intel, i3, 2, 2.7,ddr4, 32,0,768,intel, 1700,led ips, 14.0,3.5,windows pro 10.00,4808.0
dell,intel, i3, 2, 2.7,ddr4, 32,0,768,intel, 1700,led ips, 14.0,3.5,windows pro 10.00,4801.0
dell,intel, i5, 4, 2.6,ddr4, 64,0,3072,intel, 1700,led ips, 17.3,2.13,windows home 10.00,4336.0
dell,intel, i5, 4, 2.6,ddr4, 64,0,1536,intel, 1700,led ips, 17.3,2.13,windows pro 10.00,3415.0
dell,intel, i5, 4, 1.6,ddr4, 4,1000,0,intel, 1700,led ips, 14.0,1.48,windows pro 10.00,1155.5
dell,intel, i3, 2, 2.1,ddr4, 16,0,256,intel, 1700,led tn, 14.0,1.52,chrome os  0.00,1222.0
dell,intel, i3, 2, 2.1,ddr4, 8,0,256,intel, 1700,led tn, 14.0,1.52,chrome os  0.00,1010.0
dell,intel, i5, 4, 2.5,ddr4, 16,0,1024,intel, 1700,led ips, 14.0,1.54,windows pro 10.00,1903.0
dell,intel, i3, 2, 2.1,ddr4, 8,0,1024,intel, 1700,led tn, 15.6,1.82,windows pro 10.00,1554.5
dell,intel, i3, 2, 2.1,ddr4, 32,0,1024,intel, 1700,led tn, 15.6,1.82,windows pro 10.00,1870.5
dell,intel, i3, 2, 2.1,ddr4, 8,0,256,intel, 1700,led ips, 13.3,1.42,chrome os  0.00,1162.5
dell,intel, i3, 2, 2.1,ddr4, 8,0,512,intel, 1700,led ips, 13.3,1.42,chrome os  0.00,1282.5
dell,intel, i7, 4, 1.3,ddr4, 16,0,512,intel, 8192,led ips, 15.6,2.0,windows home 10.00,979.5
dell,intel, i7, 4, 1.9,ddr4, 16,0,256,intel, 1700,led ips, 12.3,0.85,windows pro 10.00,1099.5
dell,intel, i7, 4, 1.9,ddr4, 16,0,512,intel, 1700,led ips, 12.3,0.85,windows pro 10.00,1224.0
dell,amd, ryzen 5, 6, 2.3,ddr4, 16,0,1024,amd, 2048,led ips, 14.0,1.54,windows pro 10.00,899.5
dell,intel, i7, 4, 1.8,ddr4, 16,0,256,intel, 1700,led ips, 13.3,1.27,windows home 10.00,2460.5
dell,intel, i5, 4, 2.4,ddr4, 16,1000,1024,nvidia, 6144,led ips, 15.6,2.34,windows home 10.00,1100.0
dell,intel, i5, 4, 2.4,ddr4, 8,1000,128,nvidia, 4096,led ips, 15.6,2.85,windows home 10.00,989.5
dell,intel, i5, 4, 1.6,ddr4, 16,0,512,intel, 1700,led ips, 14.0,1.4,windows pro 10.00,1011.0
dell,intel, i5, 4, 1.6,ddr4, 32,0,512,intel, 1700,led ips, 14.0,1.4,windows pro 10.00,1223.0
dell,intel, i7, 4, 1.8,ddr4, 32,0,1024,intel, 1700,led ips, 15.6,2.19,windows home 10.00,1139.0
dell,intel, i7, 4, 1.3,ddr4, 16,0,512,intel, 8192,led ips, 13.4,1.32,windows pro 10.00,1950.5
dell,intel, i3, 2, 3.0,ddr4, 16,0,1024,intel, 8192,led ips, 14.0,1.43,windows pro 10.00,799.5
dell,intel, i3, 2, 2.1,ddr4, 32,0,256,intel, 1700,led tn, 13.3,1.42,chrome os  0.00,1594.5
dell,intel, i3, 2, 2.1,ddr4, 16,0,512,intel, 1700,led tn, 13.3,1.42,chrome os  0.00,1520.0
dell,intel, i3, 2, 2.7,ddr4, 32,0,1024,intel, 1700,led ips, 14.0,3.4,windows pro 10.00,2901.0
dell,intel, i3, 2, 2.7,ddr4, 16,0,2048,intel, 1700,led ips, 14.0,3.4,windows pro 10.00,3853.5
dell,intel, i7, 4, 1.8,ddr4, 32,1000,1024,nvidia, 2048,led ips, 15.6,1.66,windows pro 10.00,1599.5
acer,intel, i7, 6, 2.6,ddr4, 32,0,2048,nvidia, 6144,led ips, 15.6,2.5,windows home 10.00,1399.5
acer,intel, i5, 4, 2.5,ddr4, 24,2000,1024,nvidia, 4096,led ips, 15.6,2.3,windows home 10.00,1106.0
acer,intel, i7, 6, 2.6,ddr4, 64,0,1024,nvidia, 6144,led ips, 15.6,2.0,windows pro 10.00,2169.5
acer,intel, i5, 4, 1.0,ddr4, 8,0,256,intel, 8192,led ips, 14.0,1.19,windows home 10.00,679.5
hp,intel, i7, 8, 2.3,ddr4, 64,0,8192,nvidia, 8192,led ips, 17.3,2.14,windows pro 10.00,3349.0
acer,intel, i7, 6, 2.6,ddr4, 16,0,256,nvidia, 6144,led ips, 17.3,2.7,windows home 10.00,1139.0
acer,intel, i7, 6, 2.6,ddr4, 32,0,1024,nvidia, 6144,led ips, 17.3,2.9,windows home 10.00,1500.0
acer,intel, i5, 4, 1.1,ddr4, 8,0,256,intel, 8192,led ips, 13.5,1.2,windows home 10.00,1104.0
acer,intel, i7, 6, 2.6,ddr4, 12,1000,128,nvidia, 6144,led ips, 15.6,2.41,windows home 10.00,1439.0
acer,intel, i7, 6, 2.6,ddr4, 8,0,1024,nvidia, 6144,led ips, 15.6,2.41,windows home 10.00,1609.0
acer,intel, i3, 2, 2.2,ddr4, 8,0,0,intel, 1700,led ips, 15.6,1.95,chrome os  0.00,640.0
acer,intel, i5, 4, 1.0,ddr4, 8,0,256,intel, 8192,led ips, 14.0,1.19,windows home 10.00,679.5
acer,intel, i7, 6, 2.6,ddr4, 32,1000,1024,nvidia, 6144,led ips, 15.6,2.5,windows home 10.00,2109.0
acer,intel, i5, 4, 2.5,ddr4, 8,1000,512,nvidia, 4096,led ips, 15.6,2.3,windows home 10.00,922.0
acer,intel, i5, 4, 2.5,ddr4, 12,1000,1024,nvidia, 4096,led ips, 17.3,2.2,windows home 10.00,1114.0
hp,intel, i7, 8, 2.3,ddr4, 32,0,2048,nvidia, 8192,led ips, 17.3,2.14,windows home 10.00,2099.5
hp,intel, i7, 8, 2.3,ddr4, 64,0,8192,nvidia, 8192,led ips, 17.3,2.14,windows pro 10.00,3349.0
acer,intel, i7, 6, 2.6,ddr4, 16,0,256,nvidia, 6144,led ips, 17.3,2.7,windows home 10.00,1139.0
acer,intel, i7, 6, 2.6,ddr4, 16,0,1024,nvidia, 6144,led ips, 15.6,2.5,windows home 10.00,1189.5
acer,intel, i7, 6, 2.6,ddr4, 32,0,2048,nvidia, 6144,led ips, 15.6,2.5,windows home 10.00,1399.5
acer,intel, i7, 6, 2.6,ddr4, 64,0,1024,nvidia, 6144,led ips, 15.6,2.0,windows pro 10.00,2169.5
acer,intel, i7, 6, 2.6,ddr4, 32,0,1024,nvidia, 6144,led ips, 17.3,2.9,windows home 10.00,1500.0
