producer,processor prod,processor model,cores,core base speed (GHz),core boost speed (GHz),ram type,ram cap (GB),ssd (GB),hdd (GB),gpu prod,gpu size (MB),gpu base speed (GHz),gpu boost speed (GHz),screen type,screen size (inch),screen horizontal resolution,screen vertical resolution,sRGB (%),weight (kg),os,battery capacity (WHr),price(USD)
lenovo,intel,i3,2,1.2,3.4,ddr4,4,0,128,intel,8192,300,900,led tn,15.6,1366,768,60,1.85,windows home 10.00,35,299.5
lenovo,intel,i3,2,1.2,3.4,ddr4,4,0,128,intel,8192,300,900,led tn,15.6,1366,768,60,1.85,windows home 10.00,30,319
hp,intel,i3,2,1.2,3.4,ddr4,4,0,128,intel,8192,300,900,led tn,14,1366,768,0,1.47,windows home 10.00,41,341
lenovo,amd,ryzen3,4,2.7,3.7,ddr4,4,0,128,amd,2048,300,1400,led ips,14,1920,1080,60,1.5,windows home 10.00,52.5,349
asus,intel,i3,2,1.2,3.4,ddr4,4,0,128,intel,8192,300,900,led ips,15.6,1920,1080,60,1.75,windows home 10.00,37,350.5
acer,amd,ryzen3,2,2.6,3.5,ddr4,4,0,128,amd,2048,300,1000,led ips,15.6,1920,1080,60,1.9,windows home 10.00,48,365.5
hp,amd,ryzen3,2,2.6,3.5,ddr4,4,0,128,amd,2048,300,1000,led tn,14,1366,768,0,1.47,windows home 10.00,41,367.5
lenovo,amd,ryzen5,4,2.1,3.7,ddr4,8,0,256,amd,2048,1100,1200,led ips,15.6,1920,1080,60,1.85,windows home 10.00,45,379.5
lenovo,intel,i3,2,1.2,3.4,ddr4,8,0,128,intel,8192,300,900,led tn,15.6,1920,1080,0,1.85,windows pro 10.00,35,380.5
hp,amd,ryzen3,2,2.6,3.5,ddr4,8,0,256,amd,2048,300,1000,led ips,14,1920,1080,60,1.47,windows home 10.00,41,394.5
lenovo,intel,i3,2,2.1,4.1,ddr4,4,0,64,intel,1700,300,1100,led ips,13.3,1920,1080,90,1.5,chrome os  0.00,51,397.5
acer,intel,i5,4,1,3.6,ddr4,8,0,256,intel,8192,300,1050,led ips,15.6,1920,1080,60,1.9,windows home 10.00,36.7,399.5
dell,intel,i3,2,1.2,3.4,ddr4,8,0,256,intel,8192,300,900,led tn,15.6,1366,768,0,2.28,windows pro 10.00,42,400
dell,intel,i3,2,3,4.1,ddr4,4,0,128,intel,8192,400,1250,led ips,14,1920,1080,50,1.43,windows home 10.00,53,417
acer,intel,i3,2,2.2,3.4,ddr4,4,0,0,intel,1700,300,1000,led ips,15.6,1920,1080,60,1.95,chrome os  0.00,56,430
acer,intel,i3,2,1.2,3.4,ddr4,4,0,128,intel,8192,300,900,led ips,15.6,1920,1080,60,2.72,windows home 10.00,48,430
hp,intel,i3,2,1.2,3.4,ddr4,8,0,256,intel,8192,300,900,led tn,15.6,1366,768,0,1.7,windows home 10.00,41,445
dell,intel,i3,2,2.1,4.1,ddr4,4,1000,0,intel,1700,300,1100,led ips,14,1366,768,60,1.72,windows pro 10.00,42,449
dell,intel,i3,2,1.2,3.4,ddr4,4,0,128,intel,8192,300,900,led tn,14,1366,768,0,1.79,windows home 10.00,42,449
dell,intel,i3,2,3,4.1,ddr4,4,0,128,intel,8192,400,1250,led ips,14,1920,1080,50,1.62,windows pro 10.00,40,449
dell,intel,i3,2,3,4.1,ddr4,4,1000,0,intel,8192,400,1250,led tn,14,1366,768,60,1.64,windows pro 10.00,42,449
hp,intel,i3,2,2.1,3.9,ddr4,4,0,128,intel,1700,300,1100,led tn,14,1366,768,0,1.43,windows home 10.00,41,449
hp,intel,i3,2,2.1,4.1,ddr4,8,0,0,intel,1700,300,1100,led ips,14,1920,1080,60,1.65,chrome os  0.00,60,449
asus,amd,ryzen3,2,2.6,3.5,ddr4,8,0,256,amd,2048,300,1000,led ips,14,1920,1080,60,1.5,windows home 10.00,37,458.5
hp,intel,i3,2,1.2,3.4,ddr4,8,0,128,intel,8192,300,900,led tn,14,1366,768,0,1.61,windows home 10.00,41,459.5
asus,intel,i3,2,1.2,3.4,ddr4,8,0,128,intel,8192,300,900,led ips,15.6,1920,1080,60,1.75,windows home 10.00,37,461.5
hp,amd,ryzen5,4,2.1,3.7,ddr4,12,0,256,amd,2048,1100,1200,led tn,17.3,1600,900,80,2.55,windows home 10.00,41,466.5
acer,intel,i5,4,2.4,4.2,ddr4,8,0,512,intel,8192,400,1300,led ips,15.6,1920,1080,50,1.9,windows home 10.00,48,480.5
lenovo,amd,ryzen3,2,2.6,3.5,ddr4,8,0,256,amd,2048,300,1000,led ips,15.6,1920,1080,60,1.85,windows home 10.00,35,484.5
lenovo,amd,ryzen5,4,2.1,3.7,ddr4,8,0,256,amd,2048,1100,1200,led tn,14,1920,1080,0,1.6,windows home 10.00,35,488.5
asus,intel,i3,2,2.1,3.9,ddr4,8,0,128,intel,1700,300,1100,led ips,15.6,1920,1080,60,1.59,windows home 10.00,37,495.5
lenovo,intel,i5,4,1,3.6,ddr4,8,0,256,intel,8192,300,1050,led tn,17.3,1600,900,60,2.2,windows home 10.00,42,499.5
asus,amd,ryzen5,4,2.1,3.7,ddr4,8,0,256,amd,2048,1100,1200,led tn,15.6,1920,1080,60,1.59,windows home 10.00,37,499.5
dell,intel,i3,2,2.1,3.9,ddr4,8,0,256,intel,1700,300,1100,led tn,15.6,1920,1080,0,1.95,windows home 10.00,42,500
hp,intel,i5,4,1,3.6,ddr4,8,0,256,intel,8192,300,1050,led ips,14,1920,1080,90,1.6,windows home 10.00,41,500
acer,amd,ryzen3,4,2.7,3.7,ddr4,4,0,128,amd,2048,300,1400,led ips,15.6,1920,1080,60,1.8,windows home 10.00,48,500
lenovo,amd,ryzen5,6,2.3,4,ddr4,4,1000,0,amd,2048,1100,1500,led ips,14,1920,1080,60,1.6,windows pro 10.00,35,500
lenovo,intel,i3,2,2.1,4.1,ddr4,4,0,128,intel,1700,300,1100,led tn,13.3,1366,768,0,1.38,windows home 10.00,46,506
lenovo,intel,i3,2,1.2,3.4,ddr4,4,0,128,intel,8192,300,900,led ips,14,1920,1080,60,1.5,windows home 10.00,52.5,510
hp,intel,i3,2,2.1,3.9,ddr4,8,0,128,intel,1700,300,1100,led ips,13.3,1920,1080,60,1.3,windows home 10.00,37.7,514
lenovo,intel,i3,2,1.2,3.4,ddr4,4,500,0,intel,8192,300,900,led tn,15.6,1920,1080,0,1.85,windows pro 10.00,35,515
asus,amd,ryzen3,2,2.6,3.5,ddr4,8,0,256,amd,2048,300,1000,led ips,17.3,1920,1080,0,2.3,windows home 10.00,32,519
lenovo,intel,i3,2,2.1,4.1,ddr4,8,0,256,intel,1700,300,1100,led tn,17.3,1600,900,60,2.2,windows home 10.00,42,520
acer,intel,i3,2,2.2,3.4,ddr4,4,1000,0,intel,1700,300,1000,led ips,15.6,1920,1080,60,2.1,windows home 10.00,37,520
hp,intel,i3,2,2.1,4.1,ddr4,8,0,0,intel,1700,300,1100,led ips,14,1920,1080,60,1.65,chrome os  0.00,60,523
lenovo,intel,i3,2,2.2,3.4,ddr4,4,0,128,intel,1700,300,1000,led tn,15.6,1366,768,0,2.02,windows home 10.00,52.5,525
hp,amd,ryzen5,4,2.1,3.7,ddr4,8,0,256,amd,2048,1100,1200,led tn,15.6,1366,768,0,1.7,windows home 10.00,41,527
lenovo,intel,i3,2,1.2,3.4,ddr4,8,0,256,intel,8192,300,900,led ips,14,1920,1080,60,1.6,windows home 10.00,35,529
lenovo,intel,i5,4,1.6,4.2,ddr3,8,0,256,intel,1700,300,1100,led ips,13.3,1920,1080,80,1.3,windows home 10.00,42,529
dell,amd,ryzen5,6,2.3,4,ddr4,8,0,256,amd,2048,1100,1500,led ips,15.6,1920,1080,50,1.69,windows home 10.00,53,534
lenovo,intel,i3,2,1.2,3.4,ddr4,8,0,256,intel,8192,300,900,led ips,14,1920,1080,60,1.6,windows pro 10.00,35,538
lenovo,amd,ryzen5,4,2.1,3.7,ddr4,8,1000,0,amd,2048,1100,1200,led tn,15.6,1366,768,60,2.1,windows home 10.00,36,539
lenovo,intel,i3,2,2.1,3.9,ddr4,8,0,128,intel,1700,300,1100,led tn,15.6,1366,768,60,1.8,windows home 10.00,52.5,540
lenovo,intel,i3,2,3,4.1,ddr4,8,0,256,intel,8192,400,1250,led tn,14,1920,1080,60,1.64,windows pro 10.00,45,547
lenovo,intel,i3,2,2.1,4.1,ddr4,4,500,0,intel,1700,300,1100,led ips,15.6,1920,1080,60,1.9,windows home 10.00,45,548
lenovo,amd,ryzen3,4,2.7,3.7,ddr4,8,0,256,amd,2048,300,1400,led ips,14,1920,1080,60,1.5,windows home 10.00,52.5,549
lenovo,intel,i3,2,1.2,3.4,ddr4,8,0,128,intel,8192,300,900,led ips,15.6,1920,1080,60,1.8,windows home 10.00,52.5,550
dell,intel,i3,2,1.2,3.4,ddr4,8,0,256,intel,8192,300,900,led ips,14,1920,1080,50,1.72,windows home 10.00,42,550.5
acer,intel,i3,2,2.1,4.1,ddr4,4,0,128,intel,1700,300,1100,led ips,15.6,1920,1080,60,1.9,windows home 10.00,48,550.5
lenovo,intel,i5,4,2.4,4.2,ddr4,8,0,512,intel,8192,400,1300,led ips,15.6,1920,1080,60,1.66,windows home 10.00,57,550.5
dell,intel,i5,4,1.6,3.9,ddr4,8,0,256,intel,1700,300,1100,led ips,15.6,1920,1080,60,1.9,windows pro 10.00,42,550.5
lenovo,amd,ryzen5,6,2.3,4,ddr4,8,0,512,amd,2048,1100,1500,led ips,15.6,1920,1080,60,1.66,windows home 10.00,57,550.5
lenovo,amd,ryzen5,6,2.3,4,ddr4,8,1000,0,amd,2048,1100,1500,led tn,15.6,1920,1080,60,1.7,windows home 10.00,45,550.5
asus,amd,ryzen5,4,2.1,3.7,ddr4,8,0,256,amd,2048,1100,1200,led ips,14,1920,1080,0,1.6,windows home 10.00,42,550.5
asus,intel,i5,4,1.6,4.2,ddr4,8,0,512,intel,1700,300,1100,led ips,15.6,1920,1080,60,1.8,windows home 10.00,50,556.5
hp,intel,i5,4,1,3.6,ddr4,12,0,256,intel,8192,300,1050,led tn,15.6,1366,768,0,1.75,windows home 10.00,41,560.5
asus,amd,ryzen3,2,2.6,3.5,ddr4,12,0,128,amd,2048,300,1000,led ips,15.6,1920,1080,60,1.6,windows home 10.00,37,563.5
lenovo,intel,i3,2,2.1,4.1,ddr4,4,500,0,intel,1700,300,1100,led ips,14,1920,1080,60,1.77,windows home 10.00,45,564.5
lenovo,intel,i5,4,1,3.6,ddr4,8,0,256,intel,8192,300,1050,led tn,14,1920,1080,0,1.6,windows home 10.00,52.5,569.5
asus,amd,ryzen5,4,2.1,3.7,ddr4,4,0,128,amd,2048,1100,1200,led tn,15.6,1920,1080,60,1.59,windows home 10.00,37,570.5
dell,intel,i3,2,2.1,4.1,ddr4,4,500,0,intel,1700,300,1100,led tn,15.6,1366,768,60,1.79,windows pro 10.00,40,572.5
hp,amd,ryzen3,4,2.7,3.7,ddr4,4,0,128,amd,2048,300,1400,led tn,15.6,1366,768,60,2,windows pro 10.00,45,572.5
dell,intel,i3,2,2.1,4.1,ddr4,4,500,0,intel,1700,300,1100,led tn,14,1366,768,60,1.65,windows pro 10.00,40,576.5
lenovo,intel,i5,4,1,3.6,ddr4,8,0,256,intel,8192,300,1050,led tn,14,1920,1080,0,1.6,windows home 10.00,52.5,576.5
hp,intel,i5,4,1,3.6,ddr4,8,1000,0,intel,8192,300,1050,led tn,14,1366,768,0,1.6,windows home 10.00,41,579.5
lenovo,amd,ryzen5,4,2.1,3.7,ddr4,8,0,256,amd,2048,1100,1200,led tn,15.6,1920,1080,0,1.8,windows home 10.00,52.5,579.5
acer,amd,ryzen5,6,2.3,4,ddr4,8,0,256,amd,2048,1100,1500,led ips,14,1920,1080,0,1.2,windows home 10.00,48,579.5
dell,intel,i3,2,2.2,3.4,ddr4,4,0,0,intel,1700,300,1000,led ips,14,1920,1080,60,1.81,chrome os  0.00,56,580.5
asus,amd,ryzen5,4,2.1,3.7,ddr4,8,0,512,amd,2048,1100,1200,led tn,15.6,1920,1080,60,1.7,windows home 10.00,37,580.5
dell,intel,i5,4,1,3.6,ddr4,8,1000,0,intel,8192,300,1050,led ips,17.3,1920,1080,90,2.79,windows home 10.00,42,583.5
lenovo,intel,i5,4,1,3.6,ddr4,8,0,256,intel,8192,300,1050,led ips,14,1920,1080,60,1.5,windows home 10.00,57,587.5
dell,intel,i3,2,3,4.1,ddr4,12,0,256,intel,8192,400,1250,led ips,15.6,1920,1080,50,1.71,windows home 10.00,53,589.5
lenovo,intel,i3,2,2.1,4.1,ddr4,4,500,0,intel,1700,300,1100,led tn,15.6,1366,768,60,1.98,windows home 10.00,45,591.5
lenovo,intel,i5,4,2.4,4.1,ddr4,8,0,256,nvidia,4096,1395,1560,led ips,15.6,1920,1080,60,2.19,windows home 10.00,45,592.5
asus,amd,ryzen5,6,2.3,4,ddr4,8,0,256,nvidia,2048,1531,1594,led ips,14,1920,1080,100,1.15,windows home 10.00,50,592.5
lenovo,amd,ryzen5,4,2.1,3.7,ddr4,8,0,256,amd,2048,1100,1200,led ips,14,1920,1080,60,1.65,windows home 10.00,45,594.5
acer,intel,i5,4,1.6,3.9,ddr3,8,0,256,intel,1700,300,1100,led ips,14,1920,1080,100,1.35,windows home 10.00,48,599.5
lenovo,intel,i3,2,2.1,4.1,ddr4,8,0,128,intel,1700,300,1100,led ips,13.3,1920,1080,90,1.25,windows home 10.00,60,600
dell,intel,i3,2,3,4.1,ddr4,8,0,256,intel,8192,400,1250,led ips,14,1920,1080,50,1.62,windows home 10.00,40,600
asus,intel,i5,4,1,3.6,ddr4,8,0,256,intel,8192,300,1050,led ips,15.6,1920,1080,0,1.8,windows home 10.00,32,600
acer,intel,i5,4,1.1,3.7,ddr4,8,0,512,intel,8192,300,1050,led ips,14,1920,1080,90,1.5,windows home 10.00,48,600
hp,intel,i7,4,1.3,3.9,ddr4,8,1000,0,intel,8192,300,1100,led tn,17.3,1600,900,80,2.46,windows home 10.00,41,600
asus,amd,ryzen5,6,2.3,4,ddr4,8,0,256,amd,2048,1100,1500,led ips,14,1920,1080,60,1.5,windows home 10.00,50,600
asus,amd,ryzen5,6,2.3,4,ddr4,8,0,512,amd,2048,1100,1500,led ips,15.6,1920,1080,50,1.8,windows home 10.00,42,600
lenovo,amd,ryzen3,4,2.7,3.7,ddr4,8,0,256,amd,2048,300,1400,led ips,14,1920,1080,60,1.64,windows pro 10.00,45,601
hp,amd,ryzen3,4,2.7,3.7,ddr4,4,0,256,amd,2048,300,1400,led ips,14,1920,1080,60,1.6,windows pro 10.00,45,601
lenovo,amd,ryzen5,6,2.3,4,ddr4,4,0,256,amd,2048,1100,1500,led ips,15.6,1920,1080,60,1.7,windows home 10.00,45,603
hp,intel,i5,4,1,3.6,ddr4,8,0,256,intel,8192,300,1050,led tn,14,1366,768,0,1.58,windows home 10.00,41,606
hp,intel,i7,4,1.8,4.9,ddr4,8,0,128,intel,1700,300,1150,led tn,15.6,1920,1080,0,1.77,windows pro 10.00,45,609
lenovo,amd,ryzen3,4,2.7,3.7,ddr4,8,0,256,amd,2048,300,1400,led ips,14,1920,1080,50,1.4,windows home 10.00,60,609
asus,amd,ryzen5,4,2.1,3.7,ddr4,4,0,512,amd,2048,1100,1200,led tn,15.6,1920,1080,60,1.59,windows home 10.00,37,610
dell,amd,ryzen7,4,2.3,4,ddr4,8,0,256,amd,2048,1300,1400,led ips,15.6,1920,1080,60,1.77,windows home 10.00,42,616
lenovo,intel,i5,4,1.6,4.2,ddr4,8,0,256,intel,1700,300,1100,led ips,14,1920,1080,90,1.4,windows home 10.00,51,619
acer,intel,i5,4,1.6,4.2,ddr4,8,0,512,nvidia,2048,1519,1582,led ips,15.6,1920,1080,60,1.9,windows home 10.00,37,620
hp,intel,i7,4,1.3,3.9,ddr4,12,1000,0,intel,8192,300,1100,led ips,15.6,1920,1080,90,1.93,windows home 10.00,41,620
hp,intel,i3,2,2.2,3.4,ddr4,8,1000,0,intel,1700,300,1000,led tn,15.6,1366,768,0,1.77,windows home 10.00,41,624
lenovo,intel,i5,4,1,3.6,ddr4,8,0,256,intel,8192,300,1050,led tn,15.6,1920,1080,60,1.8,windows home 10.00,45,624
hp,amd,ryzen5,4,2.1,3.7,ddr4,8,0,256,amd,2048,1100,1200,led ips,15.6,1920,1080,60,1.93,windows home 10.00,41,626
lenovo,intel,i7,4,1.3,3.9,ddr4,8,0,256,intel,8192,300,1100,led ips,15.6,1920,1080,60,1.8,windows home 10.00,52.5,629
hp,intel,i5,4,2.5,4.5,ddr4,16,0,256,nvidia,3072,1366,1442,led ips,15.6,1920,1080,60,2.23,windows home 10.00,52.5,630
asus,intel,i5,2,2.5,3.1,ddr4,6,1000,0,intel,1700,300,1000,led tn,13.3,1920,1080,0,1.5,windows home 10.00,55,631
dell,intel,i7,4,2.8,4.7,ddr4,8,0,256,intel,8192,400,1300,led ips,14,1920,1080,60,1.36,windows pro 10.00,40,639
acer,intel,i5,4,1.6,3.4,ddr4,8,0,256,intel,1700,300,1100,led ips,13.3,1920,1080,90,1.6,windows home 10.00,48,640
hp,amd,ryzen5,4,2.1,3.7,ddr4,8,0,256,amd,2048,1100,1200,led ips,15.6,1366,768,0,2.09,windows home 10.00,41,642
lenovo,amd,ryzen7,4,2.3,4,ddr4,12,1000,128,amd,2048,1300,1400,led tn,17.3,1600,900,60,2.2,windows home 10.00,42,642
dell,intel,i3,2,1.2,3.4,ddr4,8,0,256,intel,8192,300,900,led tn,15.6,1920,1080,60,2.05,windows pro 10.00,42,649
dell,intel,i5,4,2.4,4.2,ddr4,8,0,512,intel,8192,400,1300,led ips,15.6,1920,1080,60,1.98,windows pro 10.00,42,649
lenovo,intel,i5,4,2.4,4.2,ddr4,8,0,512,intel,8192,400,1300,led ips,14,1920,1080,60,1.5,windows home 10.00,52.5,650.5
acer,intel,i5,4,1.6,3.9,ddr4,8,0,256,intel,1700,300,1100,led ips,14,1920,1080,90,0.98,windows pro 10.00,36,650.5
acer,intel,i5,4,1,3.6,ddr4,8,0,512,nvidia,2048,1531,1594,led ips,15.6,1920,1080,60,2.72,windows home 10.00,48,650.5
acer,intel,i5,4,2.4,4.2,ddr4,8,0,512,intel,8192,400,1300,led ips,14,1920,1080,0,1.7,windows home 10.00,50.8,650.5
lenovo,amd,ryzen5,4,2.1,3.7,ddr4,8,0,256,amd,2048,1100,1200,led ips,14,1920,1080,0,1.75,windows pro 10.00,45,654.5
hp,intel,i5,4,1.6,4.2,ddr4,8,0,512,intel,1700,300,1100,led tn,15.6,1366,768,0,1.92,windows home 10.00,41,656.5
hp,amd,ryzen5,6,2.3,4,ddr4,8,0,256,amd,2048,1100,1500,led ips,15.6,1920,1080,60,2.05,windows home 10.00,55.67,656.5
acer,intel,i5,4,2.5,4.5,ddr4,8,0,256,nvidia,4096,1395,1560,led ips,15.6,1920,1080,60,2.3,windows home 10.00,48,657.5
asus,intel,i5,4,2.4,4.2,ddr4,8,0,512,intel,8192,400,1300,led ips,15.6,1920,1080,60,1.8,windows home 10.00,50,658.5
lenovo,intel,i3,2,3,4.1,ddr4,8,0,256,intel,8192,400,1250,led ips,15.6,1920,1080,50,1.7,windows pro 10.00,45,659.5
acer,intel,i5,4,1.6,4.2,ddr4,8,0,128,intel,1700,300,1100,led ips,13.5,2256,1504,0,1.37,chrome os  0.00,54,659.5
hp,amd,ryzen5,6,3,4,ddr4,8,0,256,nvidia,4096,1395,1560,led ips,15.6,1920,1080,60,1.98,windows home 10.00,52.5,660.5
hp,intel,i5,4,2.5,4.5,ddr4,8,0,256,nvidia,4096,1395,1560,led ips,16.1,1920,1080,60,2.34,windows home 10.00,52.5,663.5
lenovo,intel,i3,2,3,4.1,ddr4,8,0,256,intel,8192,400,1250,led ips,15.6,1920,1080,60,1.7,windows pro 10.00,45,664.5
asus,intel,i5,4,2.4,4.2,ddr4,8,0,512,intel,8192,400,1300,led ips,13.3,1920,1080,60,1.18,windows home 10.00,50,665.5
acer,intel,i5,4,1.6,3.4,ddr4,8,0,256,intel,1700,300,1100,led ips,14,1920,1080,60,1.8,windows home 10.00,48,667.5
dell,amd,ryzen5,4,2,3.6,ddr4,8,1000,0,amd,2048,1100,1200,led ips,15.6,1920,1080,0,2.08,windows home 10.00,42,668.5
acer,amd,ryzen5,6,3,4,ddr4,8,0,256,nvidia,4096,1395,1560,led ips,15.6,1920,1080,60,2.4,windows home 10.00,55,670.5
asus,intel,i5,4,1,3.6,ddr4,8,0,512,intel,8192,300,1050,led ips,13.3,1920,1080,60,1.18,windows home 10.00,50,674.5
lenovo,amd,ryzen7,8,2,4.1,ddr4,8,0,512,amd,2048,1100,1600,led tn,17.3,1600,900,60,2.2,windows home 10.00,42,677.5
acer,intel,i5,4,1,3.6,ddr4,8,0,256,intel,8192,300,1050,led ips,14,1920,1080,60,1.19,windows home 10.00,48,678.5
dell,intel,i3,2,1.2,3.4,ddr4,16,1000,256,intel,8192,300,900,led tn,14,1366,768,0,1.79,windows home 10.00,42,679.5
lenovo,intel,i5,2,2.5,3.1,ddr4,8,0,128,intel,1700,300,1000,led ips,12.5,1920,1080,70,1.18,windows home 10.00,36,679.5
hp,intel,i5,4,1.6,3.9,ddr4,8,0,128,intel,1700,300,1100,led ips,14,1920,1080,0,1.68,windows home 10.00,41,679.5
hp,intel,i5,4,2.4,4.1,ddr4,8,0,256,nvidia,4096,1395,1560,led ips,15.6,1920,1080,60,2.25,windows home 10.00,52.5,679.5
hp,amd,ryzen5,4,2.1,3.7,ddr4,8,0,256,nvidia,3072,1366,1442,led ips,15.6,1920,1080,60,2.34,windows home 10.00,52.5,679.5
lenovo,intel,i5,4,1.6,4.2,ddr4,4,500,0,intel,1700,300,1100,led ips,14,1920,1080,60,1.73,windows home 10.00,45,681.5
dell,intel,i5,4,2.5,4.5,ddr4,8,0,256,intel,1700,350,1050,led ips,15.6,1920,1080,100,1.9,windows home 10.00,56,681.5
lenovo,amd,ryzen3,4,2.5,3.7,ddr4,8,0,128,amd,2048,300,1400,led tn,13.3,1366,768,0,1.29,windows home 10.00,48,683.5
hp,intel,i3,2,2.2,3.4,ddr4,8,1000,0,intel,1700,300,1000,led ips,15.6,1920,1080,0,1.98,windows home 10.00,48,685.5
hp,amd,ryzen5,6,2.3,4,ddr4,8,0,256,amd,2048,1100,1500,led ips,15.6,1920,1080,60,2,windows home 10.00,51,685.5
lenovo,amd,ryzen5,4,2.1,3.7,ddr4,8,1000,0,amd,2048,1100,1200,led ips,15.6,1920,1080,60,2.1,windows pro 10.00,45,686.5
acer,intel,i5,4,1.6,3.9,ddr4,8,0,256,intel,1700,300,1100,led ips,15.6,1920,1080,90,0.99,windows home 10.00,54,689.5
hp,intel,i5,4,1.6,4.2,ddr4,12,1000,128,intel,1700,300,1100,led ips,17.3,1920,1080,0,2.38,windows home 10.00,41,689.5
asus,intel,i5,4,1.6,4.2,ddr4,8,0,512,intel,1700,300,1100,led ips,14,1920,1080,60,1.5,windows home 10.00,42,690.5
acer,intel,i5,4,1.6,3.9,ddr4,8,0,256,intel,1700,300,1100,led ips,15.6,1920,1080,60,1.9,windows home 10.00,48,695.5
hp,intel,i5,4,1.6,3.9,ddr4,8,0,512,intel,1700,300,1100,led tn,15.6,1366,768,60,1.92,windows home 10.00,41,696.5
lenovo,intel,i5,4,2.4,4.2,ddr4,8,0,512,intel,8192,400,1300,led tn,14,1920,1080,60,1.39,windows home 10.00,45,699.5
dell,intel,i5,4,1,3.6,ddr4,8,0,512,intel,8192,300,1050,led ips,14,1920,1080,60,1.42,windows home 10.00,42,699.5
asus,intel,i5,4,1.6,4.2,ddr4,8,0,512,intel,1700,300,1100,led ips,14,1920,1080,60,1.4,windows home 10.00,50,699.5
asus,intel,i5,4,2.4,4.2,ddr4,8,0,512,intel,8192,400,1300,led ips,14,1920,1080,60,1.4,windows home 10.00,50,699.5
acer,intel,i5,4,2.4,4.1,ddr4,8,0,512,nvidia,4096,1395,1560,led ips,15.6,1920,1080,90,2.5,windows home 10.00,57,699.5
acer,intel,i5,4,1.6,4.2,ddr4,8,0,512,nvidia,2048,1519,1582,led ips,15.6,1920,1080,60,1.8,windows home 10.00,48,699.5
hp,intel,i5,4,1,3.6,ddr4,8,0,256,intel,8192,300,1050,led ips,13.3,1920,1080,80,1.17,windows home 10.00,53.2,699.5
hp,intel,i5,4,1.6,3.9,ddr4,8,0,128,intel,1700,300,1100,led ips,14,1920,1080,60,1.58,windows home 10.00,41,699.5
dell,intel,i7,4,1.8,4.9,ddr4,8,0,256,nvidia,2048,1519,1582,led ips,13.3,1920,1080,60,1.18,windows pro 10.00,45,699.5
hp,amd,ryzen5,4,2.1,3.7,ddr4,8,0,256,amd,2048,1100,1200,led ips,14,1920,1080,0,1.6,windows pro 10.00,45,699.5
lenovo,intel,i5,4,1.6,4.2,ddr4,8,0,256,intel,1700,300,1100,led ips,14,1920,1080,60,1.5,windows pro 10.00,45,700
lenovo,intel,i5,4,1.6,4.2,ddr4,16,0,512,intel,1700,300,1100,led ips,13.3,2560,1600,100,1.4,windows home 10.00,56,700
asus,intel,i5,4,1.6,4.2,ddr4,8,0,512,nvidia,2048,1519,1582,led ips,15.6,1920,1080,60,1.8,windows home 10.00,37,700
asus,intel,i5,4,1,3.6,ddr4,8,0,256,intel,8192,300,1050,led ips,13.3,1920,1080,90,1.11,windows home 10.00,67,700
asus,intel,i5,4,2.4,4.2,ddr4,8,0,512,nvidia,2048,1531,1594,led ips,15.6,1920,1080,50,1.7,windows home 10.00,42,700
hp,intel,i5,4,1.6,4.2,ddr4,16,0,256,intel,1700,300,1100,led ips,14,1920,1080,60,1.58,windows home 10.00,41,700
dell,amd,ryzen5,4,2,3.6,ddr4,8,0,256,amd,2048,1100,1200,led ips,13.3,1920,1080,60,1.75,windows home 10.00,42,700
hp,intel,i3,2,2.1,4.1,ddr4,4,0,256,intel,1700,300,1100,led tn,15.6,1366,768,60,2.03,windows pro 10.00,45,701
hp,intel,i3,2,2.1,4.1,ddr4,4,0,256,intel,1700,300,1100,led tn,13.3,1366,768,0,1.68,windows pro 10.00,45,701
hp,amd,ryzen3,4,2.7,3.7,ddr4,4,0,128,amd,2048,300,1400,led ips,13.3,1920,1080,60,1.49,windows pro 10.00,45,701
hp,intel,i3,2,1,4,ddr4,8,0,128,intel,1700,350,1000,led ips,11.6,1366,768,60,1.43,windows home 10.00,48,704
lenovo,intel,i5,4,1.6,4.2,ddr4,8,0,256,intel,1700,300,1100,led ips,13.3,1920,1080,100,1.43,windows pro 10.00,46,706
lenovo,intel,i7,4,1.8,4.9,ddr4,8,0,512,intel,1700,300,1150,led ips,13,2160,1350,100,1.17,windows home 10.00,42,707
lenovo,intel,i5,4,1.6,3.9,ddr4,8,0,256,amd,2048,1124,1219,led ips,14,1920,1080,60,1.52,windows home 10.00,45,709
lenovo,intel,i5,4,1.1,3.7,ddr4,8,0,512,intel,8192,300,1050,led ips,15.6,1920,1080,100,1.85,windows home 10.00,71,709
hp,intel,i7,4,1.8,4.6,ddr4,8,0,512,intel,1700,300,1150,led ips,15.6,1920,1080,60,2.04,windows home 10.00,52.5,711
dell,intel,i5,4,1.6,4.2,ddr4,8,1000,0,intel,1700,300,1100,led ips,17.3,1920,1080,60,2.71,windows home 10.00,42,715
acer,intel,i5,4,1.6,3.4,ddr4,8,0,256,intel,1700,300,1100,led ips,14,1920,1080,60,1.7,windows home 10.00,52.5,719
asus,amd,ryzen5,6,2.3,4,ddr4,8,0,512,nvidia,2048,1531,1594,led ips,14,1920,1080,90,1.15,windows home 10.00,50,719
lenovo,intel,i5,4,2.5,4.5,ddr4,8,0,256,nvidia,4096,1395,1560,led ips,15.6,1920,1080,50,2.2,windows home 10.00,45,720
acer,intel,i7,4,1.8,4.6,ddr4,8,0,512,intel,1700,300,1150,led ips,14,1920,1080,60,1.7,windows home 10.00,48,720
dell,intel,i5,4,1.6,4.2,ddr3,8,0,256,intel,1700,300,1100,led ips,13.3,1920,1080,90,1.24,windows home 10.00,45,723
lenovo,intel,i5,4,1,3.6,ddr4,16,0,256,intel,8192,300,1050,led ips,14,1920,1080,60,1.5,windows pro 10.00,45,724
dell,intel,i5,4,1.6,4.2,ddr4,8,0,512,intel,1700,300,1100,led ips,13.3,1920,1080,100,1.4,windows home 10.00,52,727
dell,intel,i3,2,2.1,4.1,ddr4,16,0,512,intel,1700,300,1100,led ips,15.6,1920,1080,60,2.19,windows home 10.00,42,729
lenovo,intel,i5,4,1.6,4.2,ddr4,8,0,256,intel,1700,300,1100,led ips,14,1920,1080,60,1.65,windows home 10.00,45,729
lenovo,intel,i5,4,2.4,4.2,ddr4,8,0,256,intel,8192,400,1300,led ips,15.6,1920,1080,60,1.9,windows home 10.00,71,729
dell,intel,i5,4,2.5,4.5,ddr4,8,0,256,nvidia,4096,1395,1560,led ips,15.6,1920,1080,60,2.36,windows home 10.00,51,730
dell,intel,i5,4,2.4,4.2,ddr4,8,0,256,intel,8192,400,1300,led ips,14.5,2560,1600,100,1.26,windows home 10.00,52,730
lenovo,amd,ryzen5,6,2.1,4,ddr4,8,0,256,amd,2048,1100,1500,led ips,13.3,1920,1080,90,1.36,windows home 10.00,60,730
asus,amd,ryzen5,4,2.1,3.7,ddr4,8,0,256,nvidia,3072,1366,1442,led ips,15.6,1920,1080,60,2.3,windows home 10.00,48,730
dell,intel,i3,2,2.1,3.9,ddr4,4,0,128,intel,1700,300,1100,led tn,13.3,1366,768,0,1.2,windows home 10.00,52,734
dell,intel,i5,4,2.4,4.2,ddr4,8,0,512,intel,8192,400,1300,led ips,13.3,1920,1080,100,1.23,windows home 10.00,53,735
dell,intel,i5,4,2.4,4.2,ddr4,8,0,256,intel,8192,400,1300,led ips,15.6,1920,1080,100,1.9,windows home 10.00,53,735
lenovo,intel,i5,4,1.6,3.4,ddr4,8,0,256,intel,1700,300,1100,led ips,13.3,1920,1080,80,1.3,windows home 10.00,48,736
dell,intel,i5,4,1.6,4.2,ddr4,8,0,256,intel,1700,300,1100,led ips,14,1920,1080,60,1.86,windows home 10.00,42,738
lenovo,intel,i5,4,1.6,3.9,ddr4,8,0,256,intel,1700,300,1100,led ips,13.3,1920,1080,90,1.34,windows pro 10.00,45,739
asus,intel,i5,4,2.4,4.1,ddr4,8,0,512,nvidia,4096,1395,1560,led ips,15.6,1920,1080,60,2.3,windows home 10.00,48,739
lenovo,amd,ryzen3,4,2.5,3.7,ddr4,4,0,256,amd,2048,300,1400,led tn,14,1366,768,0,1.61,windows pro 10.00,45,740
asus,amd,ryzen5,6,2.3,4,ddr4,8,0,1024,nvidia,2048,1531,1594,led ips,14,1920,1080,100,1.15,windows pro 10.00,50,740
lenovo,intel,i5,4,1.6,3.4,ddr4,8,0,256,intel,1700,300,1100,led ips,13.3,1920,1080,90,1.12,windows home 10.00,48,747
dell,intel,i5,4,1.6,4.2,ddr4,8,0,512,intel,1700,300,1100,led ips,13.3,1920,1080,100,1.3,windows home 10.00,52,747
lenovo,intel,i5,4,2.4,4.2,ddr4,8,0,256,intel,8192,400,1300,led ips,14,1920,1080,100,1.5,windows pro 10.00,60,749
dell,intel,i5,4,2.4,4.2,ddr4,8,0,256,intel,8192,400,1300,led ips,15.6,1920,1080,60,1.98,windows pro 10.00,42,749
asus,intel,i5,4,2.5,4.5,ddr4,8,0,256,nvidia,4096,1530,1725,led ips,15.6,1920,1080,0,2.3,windows home 10.00,48,749
asus,intel,i5,4,1,3.6,ddr4,8,1000,128,intel,8192,300,1050,led ips,17.3,1920,1080,60,2.3,windows home 10.00,47,749
hp,intel,i5,4,1.6,3.9,ddr4,4,0,128,intel,1700,300,1100,led tn,14,1366,768,0,1.6,windows pro 10.00,45,749
lenovo,amd,ryzen5,6,2.3,4,ddr4,12,1000,256,amd,2048,1100,1500,led tn,15.6,1920,1080,60,1.7,windows home 10.00,45,749
dell,amd,ryzen5,6,2.3,4,ddr4,8,0,256,amd,2048,1100,1500,led ips,14,1920,1080,60,1.54,windows home 10.00,40,749
asus,amd,ryzen5,4,2.1,3.7,ddr4,8,0,256,amd,4096,1172,1275,led ips,15.6,1920,1080,60,2.3,windows home 10.00,48,749
dell,intel,i7,4,1.8,4.9,ddr4,8,0,512,intel,1700,300,1150,led ips,15.6,1920,1080,50,2.19,windows home 10.00,45,750.5
hp,amd,ryzen7,8,2,4.1,ddr4,8,0,128,amd,2048,1100,1600,led ips,13.3,1920,1080,90,1.32,windows home 10.00,51,750.5
acer,intel,i5,4,1.6,4.2,ddr4,8,0,256,intel,1700,300,1100,led ips,14,1920,1080,60,1.6,windows pro 10.00,48,751.5
acer,intel,i5,4,1.6,4.2,ddr4,8,0,256,intel,1700,300,1100,led ips,15.6,1920,1080,60,1.8,windows pro 10.00,48,752.5
dell,intel,i5,4,1.6,3.9,ddr4,8,0,256,intel,1700,300,1100,led ips,14,1920,1080,90,1.4,windows pro 10.00,60,754.5
lenovo,intel,i7,6,2.6,5,ddr4,8,0,512,nvidia,4096,1395,1560,led ips,15.6,1920,1080,100,2.3,windows home 10.00,80,756.5
lenovo,amd,ryzen7,4,2.3,4,ddr4,12,0,128,amd,2048,1300,1400,led tn,17.3,1600,900,60,2.2,windows home 10.00,42,756.5
lenovo,intel,i7,4,1.9,4.8,ddr4,8,0,256,intel,1700,300,1150,led ips,13.3,1920,1080,100,1.28,windows pro 10.00,48,757.5
dell,intel,i5,4,1.6,4.2,ddr4,8,0,256,intel,1700,300,1100,led ips,13.3,1920,1080,90,1.24,windows pro 10.00,42,759.5
lenovo,intel,i5,4,1.6,4.1,ddr4,8,0,256,intel,1700,300,1100,led ips,14,1920,1080,0,1.49,windows pro 10.00,57,760.5
lenovo,amd,ryzen5,6,3,4,ddr4,8,0,128,nvidia,4096,1395,1560,led ips,15.6,1920,1080,60,2.3,windows home 10.00,60,760.5
asus,intel,i5,4,1.6,4.2,ddr4,8,0,512,intel,1700,300,1100,led ips,15.6,1920,1080,60,1.8,windows home 10.00,42,762.5
lenovo,intel,i5,4,1,3.6,ddr4,8,0,512,nvidia,2048,1531,1594,led ips,14,1920,1080,100,1.55,windows home 10.00,60,769.5
lenovo,intel,i5,4,1,3.6,ddr4,20,0,512,intel,8192,300,1050,led tn,17.3,1600,900,60,2.2,windows home 10.00,42,769.5
asus,intel,i5,4,2.3,4,ddr4,16,1000,256,nvidia,2048,1354,1493,led tn wva,15.6,1920,1080,100,2.31,windows home 10.00,48,770.5
dell,intel,i5,4,1.6,4.2,ddr3,4,0,128,intel,1700,300,1100,led ips,13.3,1920,1080,100,1.23,windows home 10.00,52,772.5
hp,intel,i5,4,1,3.6,ddr4,8,0,512,intel,8192,300,1050,led ips,13.3,1920,1080,60,1.3,windows home 10.00,37.7,772.5
hp,intel,i5,4,1,3.6,ddr4,8,0,256,intel,8192,300,1050,led ips,15.6,1920,1080,60,1.97,windows home 10.00,51,772.5
dell,intel,i5,4,1.6,3.4,ddr4,8,0,256,intel,1700,300,1100,led ips,13.3,1920,1080,90,1.4,windows home 10.00,38,775.5
lenovo,intel,i5,4,2.4,4.2,ddr4,8,0,256,intel,8192,400,1300,led ips,14,1920,1080,100,1.4,windows pro 10.00,71,778.5
lenovo,intel,i5,4,1.6,4.2,ddr4,12,0,512,intel,1700,300,1100,led ips,15.6,1920,1080,60,1.9,windows home 10.00,60,779.5
dell,intel,i5,4,1.6,3.9,ddr4,8,0,256,intel,1700,300,1100,led ips,13.3,1920,1080,60,1.45,windows home 10.00,38,779.5
dell,intel,i7,6,2.6,5,ddr4,8,0,512,nvidia,4096,1530,1725,led ips,15.6,1920,1080,100,1.77,windows pro 10.00,56,779.5
dell,amd,ryzen5,6,3,4,ddr4,8,0,256,amd,6144,1265,1560,led ips,15.6,1920,1080,60,2.5,windows home 10.00,51,779.5
lenovo,intel,i5,4,1,3.6,ddr4,16,0,256,intel,8192,300,1050,led ips,15.6,1920,1080,60,1.8,windows pro 10.00,45,782.5
lenovo,intel,i5,4,1.6,3.9,ddr4,8,0,256,intel,1700,300,1100,led ips,14,1920,1080,60,1.55,windows pro 10.00,50,783.5
dell,intel,i5,4,1.6,4.1,ddr4,4,0,128,intel,1700,300,1100,led ips,13.3,1920,1080,90,1.42,chrome os  0.00,42,785.5
asus,intel,i3,2,2.1,4.1,ddr4,8,0,128,intel,1700,300,1100,led ips,14,1920,1080,100,1.18,windows home 10.00,48,788.5
dell,intel,i7,4,1.3,3.9,ddr4,16,0,256,nvidia,2048,1531,1594,led ips,14,1920,1080,90,1.36,windows pro 10.00,40,790.5
lenovo,intel,i5,4,2.4,4.2,ddr4,16,0,512,intel,8192,400,1300,led ips,14,1920,1080,100,1.27,windows pro 10.00,56,798.5
dell,intel,i3,2,3,4.1,ddr4,16,0,1024,intel,8192,400,1250,led ips,14,1920,1080,50,1.43,windows pro 10.00,53,799.5
dell,intel,i5,4,1.6,3.9,ddr4,8,0,256,nvidia,2048,1227,1468,led ips,15.6,1920,1080,60,1.87,windows home 10.00,42,799.5
dell,intel,i5,4,1.6,4.2,ddr4,8,0,256,intel,1700,300,1100,led ips,15.6,1920,1080,50,2.03,windows home 10.00,42,799.5
asus,intel,i5,4,1.6,3.9,ddr4,12,0,256,intel,1700,300,1100,led ips,15.6,1920,1080,60,1.9,windows home 10.00,56,799.5
asus,intel,i5,4,1,3.6,ddr4,8,0,512,intel,8192,300,1050,led ips,14,1920,1080,100,1.17,windows home 10.00,67,799.5
acer,intel,i5,4,1.6,3.4,ddr4,8,0,256,intel,1700,300,1100,led ips,15.6,1920,1080,60,1.83,windows pro 10.00,51.5,799.5
lenovo,intel,i7,4,1.8,4.9,ddr4,8,0,256,intel,1700,300,1150,led ips,13.3,1920,1080,100,1.34,windows pro 10.00,45,799.5
dell,intel,i7,4,1.8,4.9,ddr4,8,0,256,intel,1700,300,1150,led tn,15.6,1920,1080,0,2,windows pro 10.00,42,799.5
asus,intel,i7,4,1.8,4.6,ddr4,12,0,256,intel,1700,300,1150,led ips,15.6,1920,1080,60,1.7,windows home 10.00,37,799.5
asus,amd,ryzen5,6,3,4,ddr4,8,0,512,nvidia,4096,1380,1560,led ips,15.6,1920,1080,60,2.3,windows home 10.00,48,799.5
hp,amd,ryzen5,4,2,3.6,ddr4,8,0,256,amd,2048,1100,1200,led ips,14,1920,1080,90,1.61,windows pro 10.00,50,799.5
lenovo,intel,i5,4,1.6,3.9,ddr4,8,0,256,intel,1700,300,1100,led ips,14,1920,1080,90,1.09,windows pro 10.00,51,800
dell,intel,i5,4,1.6,3.9,ddr4,8,0,256,intel,1700,300,1100,led tn,14,1920,1080,0,1.75,windows pro 10.00,42,800
dell,intel,i5,4,1.6,4.2,ddr4,8,0,512,intel,1700,300,1100,led tn,14,1366,768,50,1.48,windows pro 10.00,42,800
asus,intel,i5,4,1.6,3.4,ddr3,8,0,512,intel,1700,300,1100,led ips,14,1920,1080,90,1.4,windows home 10.00,57,800
asus,intel,i5,4,1.6,4.2,ddr4,8,0,256,intel,1700,300,1100,led ips,14,1920,1080,60,1.6,windows home 10.00,48,800
acer,intel,i5,4,2.5,4.5,ddr4,8,0,512,nvidia,4096,1530,1725,led ips,17.3,1920,1080,0,2.2,windows home 10.00,55,800
acer,intel,i5,4,1.1,3.7,ddr4,8,0,512,intel,8192,300,1050,led ips,13.5,2256,1504,100,1.19,windows home 10.00,56,800
asus,intel,i7,4,1.8,4.9,ddr4,8,1000,256,intel,1700,300,1150,led ips,15.6,1920,1080,60,1.8,windows home 10.00,37,800
acer,intel,i7,4,2.8,4.7,ddr4,8,0,256,intel,8192,400,1300,led ips,14,1920,1080,100,1.2,windows home 10.00,48,800
lenovo,intel,i5,4,2.4,4.2,ddr4,8,0,256,intel,8192,400,1300,led ips,13.3,2560,1600,100,1.26,windows pro 10.00,56,805
dell,intel,i5,4,1.7,4.4,ddr4,16,0,256,intel,1700,300,1150,led ips,13.3,1920,1080,100,1.32,windows pro 10.00,39,810
asus,intel,i5,4,2.3,4,ddr4,8,0,128,nvidia,4096,1493,1620,led ips,15.6,1920,1080,60,2.31,windows home 10.00,48,812
dell,intel,i5,4,2.4,4.1,ddr4,8,0,512,nvidia,6144,1140,1335,led ips,15.6,1920,1080,60,2.34,windows home 10.00,51,819
hp,intel,i5,4,1.6,4.2,ddr4,16,0,256,intel,1700,300,1100,led ips,14,1920,1080,90,1.61,windows pro 10.00,45,823
lenovo,intel,i5,4,1.6,4.1,ddr4,8,0,256,intel,1700,300,1100,led ips,13.3,1920,1080,90,1.29,windows pro 10.00,48,824
lenovo,intel,i5,4,1.6,4.2,ddr4,8,0,256,intel,1700,300,1100,led ips,13.3,1920,1080,100,1.4,windows pro 10.00,45,824
lenovo,amd,ryzen5,6,2.1,4,ddr4,8,0,256,amd,2048,1100,1500,led ips,13.3,2560,1600,100,1.26,windows pro 10.00,56,824
dell,intel,i5,4,1.6,4.2,ddr4,8,0,256,intel,1700,300,1100,led ips,13.3,1920,1080,90,1.32,windows pro 10.00,42,828
dell,intel,i5,4,1.6,4.2,ddr4,8,0,256,intel,1700,300,1100,led ips,15.6,1920,1080,90,2.19,windows home 10.00,68,829
dell,intel,i5,4,1,3.6,ddr4,8,0,512,intel,8192,300,1050,led ips,15.6,1920,1080,50,1.65,windows home 10.00,40,830
acer,intel,i5,4,1.6,3.9,ddr4,8,0,256,intel,1700,300,1100,led ips,14,1920,1080,0,1.16,windows pro 10.00,60,830
hp,intel,i7,4,1.8,4.6,ddr4,8,0,256,intel,1700,300,1150,led tn,17.3,1600,900,80,2.45,windows home 10.00,41,830
lenovo,amd,ryzen5,6,2.1,4,ddr4,8,0,512,amd,2048,1100,1500,led ips,14,1920,1080,60,1.35,windows pro 10.00,57,830
lenovo,amd,ryzen7,8,2.9,4.2,ddr4,8,0,512,nvidia,4096,1530,1725,led ips,15.6,1920,1080,50,2.2,windows home 10.00,45,830
dell,intel,i5,4,1.6,3.4,ddr4,8,500,0,intel,1700,300,1100,led ips,14,1366,768,0,1.72,windows pro 10.00,56,832
lenovo,intel,i5,4,1,3.6,ddr4,16,0,1024,intel,8192,300,1050,led tn,17.3,1600,900,60,2.2,windows home 10.00,42,838
dell,intel,i7,4,1.3,3.9,ddr4,8,0,256,intel,8192,300,1100,led ips,15.6,1920,1080,50,2,windows home 10.00,42,839
lenovo,amd,ryzen5,4,2.1,3.7,ddr4,8,0,256,amd,2048,1100,1200,led ips,14,1920,1080,60,1.57,windows pro 10.00,50,840
asus,amd,ryzen7,8,2,4.1,ddr4,8,0,256,nvidia,2048,1531,1594,led ips,15.6,1920,1080,100,1.9,windows home 10.00,56,840
lenovo,intel,i7,4,1.8,4.9,ddr4,8,0,512,nvidia,2048,1519,1582,led ips,15.6,1920,1080,60,2,windows home 10.00,52.5,845
lenovo,amd,ryzen7,4,2.3,4,ddr4,12,0,512,amd,2048,1300,1400,led ips,14,1920,1080,90,1.63,windows home 10.00,45,846
lenovo,intel,i5,4,2.4,4.2,ddr4,12,0,512,intel,8192,400,1300,led ips,14,1920,1080,100,1.4,windows home 10.00,71,848
lenovo,intel,i5,4,1.6,3.4,ddr4,8,0,256,intel,1700,300,1100,led ips,14,1920,1080,60,1.32,windows pro 10.00,57,849
dell,intel,i5,4,2.3,4,ddr4,8,1000,128,nvidia,4096,1493,1620,led ips,15.6,1920,1080,60,2.85,windows home 10.00,60,849
dell,intel,i5,4,1.6,4.1,ddr4,8,0,256,intel,1700,300,1100,led ips,14,1920,1080,60,1.52,windows pro 10.00,42,849
dell,intel,i5,4,2.4,4.2,ddr4,8,0,256,intel,8192,400,1300,led ips,15.6,1920,1080,50,1.6,windows pro 10.00,40,849
dell,intel,i7,4,2.8,4.7,ddr4,8,0,512,nvidia,2048,1531,1594,led ips,13.3,1920,1080,100,1.06,windows pro 10.00,40,849
lenovo,amd,ryzen5,6,2.1,4,ddr4,16,0,256,amd,2048,1100,1500,led ips,14,1920,1080,60,1.55,windows pro 10.00,50,849
asus,amd,ryzen7,8,2,4.1,ddr4,16,0,512,amd,2048,1100,1600,led ips,15.6,1920,1080,60,1.7,windows home 10.00,42,849
lenovo,intel,i5,4,1.6,3.9,ddr4,8,0,256,intel,1700,300,1100,led ips,15.6,1920,1080,60,2.12,windows pro 10.00,45,850
asus,intel,i5,4,1.6,3.9,ddr4,8,0,256,intel,1700,300,1100,led ips,14,1920,1080,60,1.23,windows pro 10.00,50,850.5
hp,intel,i7,6,2.6,5,ddr4,16,0,512,nvidia,4096,1530,1725,led ips,17.3,1920,1080,90,2.75,windows home 10.00,52.5,850.5
lenovo,intel,i3,2,2.1,4.1,ddr4,8,0,128,intel,1700,300,1100,led tn,13.3,1366,768,0,1.29,windows home 10.00,48,857.5
lenovo,intel,i5,4,1.1,3.7,ddr4,8,0,256,intel,8192,300,1050,led ips,14,1920,1080,90,1.35,windows home 10.00,60,857.5
dell,intel,i5,4,1.6,4.1,ddr4,16,0,256,intel,1700,300,1100,led ips,13.3,1920,1080,100,1.24,windows pro 10.00,60,859.5
hp,intel,i5,4,1.6,4.1,ddr4,16,0,512,intel,1700,300,1100,led ips,13.3,1920,1080,60,1.35,windows pro 10.00,53.2,860.5
dell,intel,i3,2,2.1,3.9,ddr4,4,0,128,intel,1700,300,1100,led tn,14,1366,768,90,1.52,chrome os  0.00,68,865.5
asus,intel,i7,4,1.8,4,ddr4,8,1000,128,intel,1700,300,1150,led ips,15.6,1920,1080,70,1.7,windows home 10.00,42,867.5
apple,intel,i3,2,1.1,3.2,ddr4,8,0,256,intel,8192,300,900,led ips,13.3,2560,1600,100,1.25,macos  11.00,49.9,869.5
dell,intel,i7,4,1.8,4.9,ddr4,8,0,512,intel,1700,300,1150,led ips,14,1920,1080,100,1.21,windows home 10.00,52,869.5
hp,intel,i5,4,2.5,4.5,ddr4,8,0,256,nvidia,4096,1395,1560,led ips,15.6,1920,1080,90,2.36,windows home 10.00,70.9,870.5
lenovo,intel,i7,4,1.8,4.9,ddr4,12,0,1024,nvidia,2048,1519,1582,led ips,14,1920,1080,90,1.63,windows home 10.00,45,871.5
lenovo,amd,ryzen7,8,1.7,4.1,ddr4,8,0,256,amd,2048,1100,1600,led ips,15.6,1920,1080,60,1.98,windows pro 10.00,45,872.5
hp,intel,i5,4,1.1,3.7,ddr4,8,0,256,intel,8192,300,1050,oled,13.3,3840,2160,100,1.27,windows home 10.00,60,874.5
lenovo,intel,i5,4,1.6,4.1,ddr4,16,0,128,nvidia,2048,1266,1354,led ips,14,1920,1080,60,1.47,windows pro 10.00,50,875.5
asus,intel,i5,4,1,3.6,ddr4,8,0,512,intel,8192,300,1050,led ips,13.3,1920,1080,60,1.3,windows home 10.00,67,879.5
asus,intel,i7,4,1.8,4,ddr3,8,0,256,intel,1700,300,1150,led ips,13.3,1920,1080,90,1.12,windows home 10.00,50,879.5
asus,amd,ryzen7,4,2.3,4,ddr4,8,0,256,nvidia,6144,1455,1590,led ips,15.6,1920,1080,50,2.3,windows home 10.00,48,884.5
lenovo,intel,i7,4,1.8,4,ddr4,8,0,256,intel,1700,300,1150,led ips,13.9,1920,1080,90,1.37,windows home 10.00,70,885.5
hp,intel,i7,4,1.8,4.9,ddr4,8,0,512,intel,1700,300,1150,led ips,15.6,1920,1080,60,2.05,windows home 10.00,53.2,885.5
lenovo,intel,i5,4,1.6,3.9,ddr4,8,0,256,intel,1700,300,1100,led ips,15.6,1920,1080,60,1.75,windows pro 10.00,57,886.5
lenovo,intel,i3,2,2.1,4.1,ddr4,16,0,512,intel,1700,300,1100,led tn,13.3,1366,768,0,1.38,windows pro 10.00,46,887.5
hp,intel,i5,4,2.4,4.1,ddr4,8,0,256,nvidia,3072,1366,1442,led ips,17.3,1920,1080,90,2.75,windows home 10.00,52.5,887.5
hp,intel,i5,4,1.6,4.2,ddr4,8,0,256,amd,2048,1024,1024,led ips,17.3,1920,1080,90,2.36,windows pro 10.00,41,889.5
lenovo,intel,i5,4,2.5,4.5,ddr4,8,0,128,nvidia,4096,1395,1560,led ips,17.3,1920,1080,90,2.98,windows home 10.00,80,890.5
acer,intel,i5,4,1,3.6,ddr4,8,0,512,intel,8192,300,1050,led ips,14,1920,1080,60,1.19,windows home 10.00,48,890.5
acer,intel,i5,4,1.6,3.4,ddr4,8,0,0,intel,1700,300,1100,led ips,14,1920,1080,60,1.5,chrome os  0.00,56,893.5
lenovo,intel,i5,4,1.6,3.4,ddr4,8,0,256,intel,1700,300,1100,led ips,13.3,1920,1080,60,1.46,windows pro 10.00,45,895.5
hp,intel,i7,4,1.8,4.9,ddr4,8,0,256,intel,1700,300,1150,led ips,13.3,1920,1080,80,1.17,windows home 10.00,53.2,895.5
hp,intel,i5,4,1.6,4.2,ddr4,8,0,256,intel,1700,300,1100,led ips,14,1920,1080,60,1.45,windows home 10.00,53,896.5
lenovo,intel,i5,4,1.6,4.1,ddr4,16,0,512,intel,1700,300,1100,led ips,13.3,1920,1080,90,1.29,windows pro 10.00,48,899.5
dell,intel,i5,4,1.6,3.4,ddr4,8,0,128,intel,1700,300,1100,led ips,13.3,3840,2160,100,1.21,windows home 10.00,52,899.5
asus,intel,i5,4,2.3,4,ddr4,8,1000,256,nvidia,4096,1493,1620,led ips,15.6,1920,1080,60,2.31,windows home 10.00,48,899.5
acer,intel,i5,4,1,3.6,ddr4,8,0,512,intel,8192,300,1050,led ips,14,1920,1080,60,0.99,windows home 10.00,36,899.5
lenovo,intel,i7,4,1.8,4.9,ddr4,16,0,512,intel,1700,300,1150,led ips,13.3,1920,1080,100,1.34,windows pro 10.00,45,899.5
dell,intel,i7,4,1.8,4,ddr4,8,1000,128,nvidia,4096,1227,1468,led ips,15.6,1920,1080,60,2,windows pro 10.00,42,899.5
asus,intel,i7,6,2.6,4.5,ddr4,8,0,512,nvidia,4096,1395,1560,led ips,15.6,1920,1080,60,2.4,windows home 10.00,48,899.5
asus,intel,i7,6,2.6,5,ddr4,8,0,512,nvidia,4096,1530,1725,led ips,15.6,1920,1080,90,2.3,windows home 10.00,66,899.5
asus,intel,i7,4,2.8,4.7,ddr4,8,0,512,intel,8192,400,1300,led ips,13.3,1920,1080,90,1.11,windows home 10.00,67,899.5
asus,intel,i7,4,2.8,4.7,ddr4,8,0,512,intel,8192,400,1300,led ips,14,1920,1080,100,1.17,windows home 10.00,67,899.5
hp,intel,i7,4,1.3,3.9,ddr4,8,0,512,intel,8192,300,1100,led ips,13.3,3840,2160,100,1.31,windows home 10.00,51,899.5
hp,intel,i7,6,2.6,5,ddr4,8,0,512,nvidia,4096,1530,1725,led ips,15.6,1920,1080,60,2.38,windows home 10.00,70,899.5
lenovo,intel,i5,4,1.6,4.2,ddr4,16,0,512,intel,1700,300,1100,led ips,15.6,1920,1080,60,1.89,windows pro 10.00,57,900
lenovo,intel,i5,4,1.6,4.2,ddr4,16,0,512,intel,1700,300,1100,led ips,14,1920,1080,50,1.61,windows pro 10.00,50,900
acer,intel,i5,4,2.4,4.2,ddr4,8,0,512,intel,8192,400,1300,led ips,14,1920,1080,0,1.37,windows home 10.00,57,900
lenovo,intel,i7,4,1.9,4.8,ddr4,16,0,512,intel,1700,300,1150,led ips,13.3,1920,1080,100,1.28,windows pro 10.00,48,900
dell,intel,i7,4,1.8,4,ddr4,8,0,256,intel,1700,300,1150,led ips,13.3,1920,1080,60,1.62,windows home 10.00,42,900
asus,intel,i7,6,2.6,4.5,ddr4,8,0,512,nvidia,4096,1395,1560,led ips,15.6,1920,1080,60,2.4,windows home 10.00,48,900
asus,intel,i7,6,2.6,5,ddr4,16,1000,256,nvidia,4096,1530,1725,led ips,15.6,1920,1080,90,2,windows home 10.00,42,900
acer,intel,i7,4,2.8,4.7,ddr4,8,0,512,intel,8192,400,1300,led ips,13.5,2256,1504,100,1.19,windows home 10.00,56,900
hp,intel,i7,4,1.8,4,ddr4,12,0,256,intel,1700,300,1150,led ips,15.6,1920,1080,60,1.85,windows pro 10.00,41,900
asus,amd,ryzen7,8,2.9,4.2,ddr4,8,0,512,nvidia,6144,1455,1590,led ips,15.6,1920,1080,60,2.3,windows home 10.00,90,900
asus,intel,i7,2,2.7,3.5,ddr4,8,0,256,intel,1700,300,1050,led tn,15.6,1920,1080,60,2.3,windows home 10.00,38,905
hp,intel,i5,4,1.6,4.1,ddr4,16,0,256,intel,1700,300,1100,led ips,15.6,1920,1080,60,2.4,windows pro 10.00,48,907
hp,amd,ryzen3,4,2.5,3.7,ddr4,4,0,128,amd,2048,300,1400,led ips,15.6,1920,1080,60,1.77,no os  0.00,56,907
dell,intel,i5,4,2.5,4.5,ddr4,8,0,256,nvidia,4096,1530,1725,led ips,15.6,1920,1080,60,2.34,windows home 10.00,68,908
dell,intel,i7,6,2.6,5,ddr4,8,0,256,nvidia,4096,1530,1725,led ips,15.6,1920,1200,100,2.05,windows pro 10.00,56,909
hp,intel,i7,4,1.3,3.9,ddr4,8,0,512,nvidia,2048,1531,1594,led ips,17.3,1920,1080,90,2.73,windows home 10.00,55,910
asus,amd,ryzen5,6,2.3,4,ddr4,8,0,2048,nvidia,2048,1531,1594,led ips,14,1920,1080,100,1.15,windows pro 10.00,50,910
acer,intel,i5,4,1.1,3.7,ddr4,16,0,512,intel,8192,300,1050,led ips,13.5,2256,1504,90,1.2,windows home 10.00,56,915
asus,intel,i7,2,2.7,3.5,ddr4,8,0,512,nvidia,2048,1072,1176,led tn,15.6,1920,1080,0,2.3,windows home 10.00,38,918
lenovo,intel,i5,4,1.6,4.2,ddr4,8,0,256,intel,1700,300,1100,led ips,14,1920,1080,60,1.49,windows pro 10.00,57,919
hp,intel,i5,4,1.6,3.9,ddr4,8,0,256,intel,1700,300,1100,led ips,15.6,1920,1080,60,2,windows pro 10.00,45,919
lenovo,amd,ryzen5,4,2.1,3.7,ddr4,8,0,256,amd,2048,1100,1200,led ips,14,1920,1080,60,1.27,windows pro 10.00,57,923
hp,intel,i5,4,1.6,4.1,ddr4,8,0,256,intel,1700,300,1100,led ips,14,1920,1080,60,1.95,windows pro 10.00,48,924
asus,intel,i7,4,1.8,4.6,ddr3,8,0,512,intel,1700,300,1150,led ips,13.3,1920,1080,90,1.12,windows home 10.00,50,927
dell,intel,i7,4,1.8,4.9,ddr4,8,0,512,nvidia,2048,1519,1582,led ips,15.6,1920,1080,0,1.66,windows pro 10.00,42,929
dell,intel,i7,4,1.8,4.9,ddr4,16,0,256,nvidia,2048,1519,1582,led ips,14,1920,1080,60,1.49,windows pro 10.00,42,936
lenovo,intel,i5,4,1.6,4.1,ddr4,16,0,512,intel,1700,300,1100,led ips,14,1920,1080,0,1.49,windows pro 10.00,57,939
hp,intel,i5,4,1.6,4.2,ddr4,8,0,512,amd,2048,1024,1024,led ips,14,1920,1080,60,1.47,windows home 10.00,41,942
lenovo,intel,i5,4,1.6,3.9,ddr4,8,0,256,intel,1700,300,1100,led ips,13.3,1920,1080,100,1.1,windows home 10.00,42,949
dell,intel,i5,4,2.4,4.1,ddr4,8,1000,128,nvidia,4096,1395,1560,led ips,15.6,1920,1080,60,2.63,windows home 10.00,60,949
asus,intel,i5,4,2.4,4.2,ddr4,8,0,512,intel,8192,400,1300,led ips,13.3,1920,1080,100,1.3,windows home 10.00,67,949
acer,intel,i7,4,1.8,4.6,ddr3,8,0,256,nvidia,2048,1227,1468,led ips,14,1920,1080,100,1.35,windows home 10.00,48,949
dell,amd,ryzen5,6,2.3,4,ddr4,16,0,1024,amd,2048,1100,1500,led ips,14,1920,1080,60,1.54,windows pro 10.00,40,949
lenovo,intel,i5,4,1.6,4.2,ddr3,8,0,256,intel,1700,300,1100,led ips,14,1920,1080,100,1.09,windows pro 10.00,51,950.5
acer,intel,i5,4,1.6,3.9,ddr4,8,0,256,intel,1700,300,1100,led ips,13.3,1920,1080,60,1.5,windows pro 10.00,54,950.5
dell,intel,i7,6,2.2,4.1,ddr4,8,1000,128,nvidia,4096,1493,1620,led ips,15.6,1920,1080,60,2.85,windows home 10.00,56,950.5
lenovo,intel,i5,4,1.6,3.9,ddr4,8,0,256,intel,1700,300,1100,led ips,14,1920,1080,60,1.69,windows pro 10.00,45,954.5
lenovo,intel,i5,4,1.6,4.2,ddr4,16,0,128,intel,1700,300,1100,led ips,13.3,1920,1080,100,1.43,windows home 10.00,46,957.5
lenovo,intel,i5,4,1.6,4.1,ddr4,8,0,256,intel,1700,300,1100,led ips,15.6,1920,1080,60,2.03,windows pro 10.00,45,968.5
dell,intel,i5,4,2.3,4,ddr4,16,1000,512,nvidia,4096,1493,1620,led ips,15.6,1920,1080,60,2.85,windows home 10.00,60,969.5
lenovo,intel,i5,4,1.6,4.2,ddr4,8,0,256,intel,1700,300,1100,led ips,13.3,1920,1080,100,1.28,windows pro 10.00,48,970.5
dell,intel,i7,6,2.6,4.5,ddr4,8,0,256,nvidia,3072,1366,1442,led ips,15.6,1920,1080,90,1.9,windows pro 10.00,56,970.5
asus,amd,ryzen7,8,2.9,4.2,ddr4,16,1000,512,nvidia,4096,1395,1560,led ips,17.3,1920,1080,60,2.58,windows home 10.00,90,970.5
lenovo,intel,i5,4,1.6,4.2,ddr4,8,0,128,intel,1700,300,1100,led ips,13.3,1920,1080,90,1.25,windows home 10.00,48,971.5
lenovo,intel,i5,4,1,3.6,ddr4,16,0,512,intel,8192,300,1050,led ips,15.6,1920,1080,100,1.6,windows home 10.00,71,972
acer,intel,i7,6,2.6,5,ddr4,8,0,256,nvidia,6144,1455,1590,led ips,15.6,1920,1080,90,2.5,windows home 10.00,58,975.5
hp,amd,ryzen3,4,2.5,3.7,ddr4,8,0,128,amd,2048,300,1400,led ips,14,1920,1080,60,1.47,no os  0.00,53,976.5
dell,intel,i5,4,2.3,4,ddr4,8,1000,0,nvidia,4096,1493,1620,led ips,17.3,1920,1080,60,3.27,windows home 10.00,56,979.5
dell,intel,i5,4,2.4,4.1,ddr4,8,1000,128,nvidia,4096,1395,1560,led ips,15.6,1920,1080,60,2.85,windows home 10.00,60,979.5
dell,intel,i7,4,1.3,3.9,ddr4,16,0,512,intel,8192,300,1100,led ips,15.6,1920,1080,50,2,windows home 10.00,42,979.5
asus,amd,ryzen5,6,3,4,ddr4,16,0,1024,nvidia,4096,1380,1560,led ips,15.6,1920,1080,60,2.3,windows home 10.00,90,979.5
lenovo,intel,i5,4,2.4,4.1,ddr4,12,0,512,nvidia,6144,960,1200,led ips,15.6,1920,1080,60,2.3,windows home 10.00,52.5,980.5
lenovo,intel,i7,6,2.6,4.5,ddr4,8,0,512,nvidia,4096,1395,1560,led ips,17.3,1920,1080,90,2.8,windows home 10.00,45,980.5
dell,intel,i7,4,2.8,4.7,ddr4,8,0,1024,nvidia,2048,1531,1594,led ips,13.3,1920,1080,100,1.06,windows pro 10.00,40,980.5
acer,intel,i7,2,1.5,4.2,ddr3,16,0,512,intel,1700,300,1050,led ips,14,1920,1080,100,0.89,windows home 10.00,42,980.5
asus,amd,ryzen7,8,2.9,4.2,ddr4,8,0,512,nvidia,4096,1395,1560,led ips,14,1920,1080,100,1.6,windows home 10.00,76,980.5
lenovo,intel,i5,4,1.6,3.4,ddr4,8,0,256,intel,1700,300,1100,led ips,15.6,1920,1080,90,1.89,windows home 10.00,51.5,985.5
hp,intel,i7,6,2.6,5,ddr4,8,0,512,nvidia,6144,1455,1590,led ips,17.3,1920,1080,90,2.92,windows home 10.00,70,986.5
hp,amd,ryzen7,8,2.9,4.2,ddr4,8,0,512,nvidia,6144,1455,1590,led ips,15.6,1920,1080,100,2.37,windows pro 10.00,70.9,987.5
asus,intel,i5,4,1.6,3.9,ddr4,8,0,256,nvidia,2048,1227,1468,led ips,13.3,1920,1080,90,1.12,windows home 10.00,50,989.5
dell,intel,i7,4,1.8,4.9,ddr3,16,0,512,intel,1700,300,1150,led ips,13.3,3840,2160,0,0.96,windows home 10.00,52,990.5
asus,intel,i7,4,1.8,4,ddr3,8,0,256,intel,1700,300,1150,led ips,13.3,1920,1080,100,1,windows pro 10.00,50,990.5
lenovo,intel,i5,4,1.6,4.2,ddr4,16,2000,128,intel,1700,300,1100,led ips,14,1920,1080,60,1.73,windows pro 10.00,45,991.5
dell,intel,i5,4,1.6,4.2,ddr4,8,0,256,nvidia,2048,1519,1582,led ips,17.3,1920,1080,60,2.78,windows home 10.00,68,999.5
asus,intel,i5,4,1.6,3.4,ddr4,8,0,0,intel,1700,300,1100,led tn,15.6,1920,1080,60,1.9,windows home 10.00,33,999.5
asus,intel,i5,4,1.6,3.9,ddr3,8,0,256,intel,1700,300,1100,led ips,14,1920,1080,90,1.19,windows home 10.00,50,999.5
lenovo,intel,i7,6,2.6,4.5,ddr4,32,0,512,nvidia,6144,1455,1590,led ips,15.6,1920,1080,90,2.3,windows home 10.00,57,999.5
lenovo,intel,i7,4,1.8,4.9,ddr4,12,0,512,nvidia,2048,1519,1582,led ips,15.6,1920,1080,60,2,windows pro 10.00,52.5,999.5
dell,intel,i7,4,1.9,4.8,ddr4,16,0,256,intel,1700,300,1150,led ips,13.3,1920,1080,60,1.25,windows pro 10.00,60,999.5
asus,intel,i7,4,2.8,4.7,ddr4,16,0,1024,intel,8192,400,1300,led ips,15.6,1920,1080,60,1.8,windows home 10.00,42,999.5
asus,intel,i7,4,2.8,4.7,ddr4,16,0,1024,intel,8192,400,1300,led ips,13.3,1920,1080,90,1.11,windows home 10.00,67,999.5
asus,amd,ryzen7,8,2.9,4.2,ddr4,8,0,512,nvidia,6144,960,1200,led ips,15.6,1920,1080,60,2.3,windows home 10.00,90,999.5
hp,amd,ryzen7,4,2.3,4,ddr4,16,0,512,amd,2048,1300,1400,led ips,15.6,1920,1080,60,1.9,windows pro 10.00,45,999.5
lenovo,intel,i5,4,1.6,3.9,ddr4,16,0,512,intel,1700,300,1100,led tn,14,1366,768,0,1.75,windows pro 10.00,45,1000
lenovo,intel,i5,4,2.4,4.2,ddr4,8,0,256,intel,8192,400,1300,led ips,14,1920,1080,100,1.44,windows home 10.00,63.5,1000
acer,intel,i5,4,2.4,4.2,ddr4,8,0,512,intel,8192,400,1300,led ips,14,1920,1080,0,1.04,windows home 10.00,48,1000
acer,intel,i5,4,2.5,4.5,ddr4,8,0,256,intel,1700,350,1050,led ips,14,1920,1080,100,1.5,windows home 10.00,48,1000
lenovo,intel,i7,4,1.8,4.9,ddr4,8,0,512,intel,1700,300,1150,led ips,15.6,1920,1080,60,1.8,windows pro 10.00,45,1000
dell,intel,i7,4,2.8,4.7,ddr4,8,0,256,intel,8192,400,1300,led ips,17,2560,1600,100,2.43,windows home 10.00,68,1000
dell,intel,i7,6,1.1,4.7,ddr4,8,0,256,amd,2048,1082,1218,led ips,15.6,1920,1080,60,1.82,windows pro 10.00,42,1000
asus,intel,i7,4,1.8,4.9,ddr4,8,0,512,intel,1700,300,1150,led ips,14,1920,1080,90,1.5,windows home 10.00,70,1000
asus,intel,i7,4,1.8,4.9,ddr4,16,0,1024,nvidia,2048,1519,1582,led ips,15.6,1920,1080,60,1.8,windows home 10.00,42,1000
acer,intel,i7,4,1.8,4,ddr3,16,0,512,intel,1700,300,1150,led ips,14,1920,1080,100,0.97,windows home 10.00,36,1000
hp,intel,i7,4,1.8,4.6,ddr4,16,0,256,intel,1700,300,1150,led ips,13.3,1920,1080,60,1.49,windows pro 10.00,45,1000
lenovo,intel,i7,4,1.3,3.9,ddr4,16,0,512,intel,8192,300,1100,led ips,14,1920,1080,100,1.25,windows home 10.00,52,1006
hp,intel,i3,2,2.1,4.1,ddr4,8,0,128,intel,1700,300,1100,led ips,13.5,1920,1280,90,1.33,chrome os  0.00,50,1007
hp,amd,ryzen3,4,2.1,3.5,ddr4,8,0,256,amd,2048,1100,1500,led ips,14,1920,1080,60,1.51,windows pro 10.00,50,1007
hp,intel,i7,6,2.6,4.5,ddr4,16,0,256,nvidia,6144,1455,1590,led ips,15.6,1920,1080,60,2.52,windows home 10.00,70,1009
hp,intel,i7,6,2.6,5,ddr4,16,0,512,nvidia,6144,1455,1590,led ips,15.6,1920,1080,90,2.39,windows home 10.00,70.9,1014
lenovo,intel,i5,4,1.6,4.2,ddr4,16,0,256,intel,1700,300,1100,led ips,14,1920,1080,60,1.55,windows pro 10.00,50,1026
dell,intel,i5,4,2.4,4.1,ddr4,16,1000,256,nvidia,4096,1395,1560,led ips,15.6,1920,1080,60,2.85,windows home 10.00,60,1029
asus,intel,i7,4,1.8,4.6,ddr3,8,0,512,intel,1700,300,1150,led ips,14,1920,1080,100,1.45,windows home 10.00,47,1029
dell,intel,i7,4,1.3,3.9,ddr4,16,0,512,intel,8192,300,1100,led ips,15.6,1920,1080,0,1.95,windows home 10.00,68,1035
lenovo,intel,i5,4,2.4,4.2,ddr4,24,0,1024,intel,8192,400,1300,led ips,14,1920,1080,100,1.5,windows pro 10.00,60,1037
acer,amd,ryzen7,4,2.2,3.8,ddr4,8,0,256,amd,2048,1219,1219,led ips,15.6,1920,1080,60,2.2,windows home 10.00,48,1040
hp,intel,i5,4,1.6,3.4,ddr4,8,0,256,intel,1700,300,1100,led ips,15.6,1920,1080,0,2.1,windows pro 10.00,48,1049
lenovo,intel,i7,4,1.8,4,ddr4,8,0,256,intel,1700,300,1150,led ips,13.9,3840,2160,100,1.38,windows home 10.00,60,1049
asus,intel,i7,6,2.6,4.5,ddr4,16,1000,256,nvidia,4096,1395,1560,led ips,15.6,1920,1080,60,2.14,windows home 10.00,42,1050.5
acer,intel,i7,6,2.6,4.5,ddr4,16,0,512,nvidia,6144,960,1200,led ips,17.3,1920,1080,90,2.7,windows home 10.00,55,1050.5
acer,intel,i7,6,2.6,4.5,ddr4,16,0,256,nvidia,6144,960,1200,led ips,17.3,1920,1080,90,2.7,windows home 10.00,55,1050.5
dell,intel,i7,4,1.9,4.8,ddr4,16,0,128,intel,1700,300,1150,led ips,12.3,1920,1280,100,0.85,windows pro 10.00,38,1051.5
lenovo,amd,ryzen5,6,2.1,4,ddr4,16,0,128,amd,2048,1100,1500,led ips,14,1920,1080,60,1.35,windows home 10.00,57,1052.5
hp,amd,ryzen5,6,2.1,4,ddr4,16,0,512,amd,2048,1100,1500,led ips,13.3,1920,1080,60,1.36,windows pro 10.00,53,1056.5
lenovo,intel,i3,2,3,4.1,ddr4,4,0,256,intel,8192,400,1250,led ips,13.3,1920,1080,60,1.38,windows home 10.00,46,1059.5
lenovo,intel,i7,4,1.9,4.8,ddr3,16,0,256,intel,1700,300,1150,led ips,14,1920,1080,100,1.36,windows pro 10.00,51,1059.5
asus,amd,ryzen7,4,2.3,4,ddr4,16,0,512,nvidia,6144,960,1200,led ips,15.6,1920,1080,50,2.3,windows home 10.00,48,1061.5
asus,amd,ryzen7,8,2,4.1,ddr4,16,0,1024,amd,2048,1100,1600,led ips,14,1920,1080,60,1.22,windows pro 10.00,67,1062.5
hp,intel,i5,4,1.6,3.4,ddr4,8,0,256,intel,1700,300,1100,led ips,13.3,1920,1080,0,1.55,windows pro 10.00,50,1063.5
lenovo,amd,ryzen5,4,2.1,3.7,ddr4,8,0,256,amd,2048,1100,1200,led ips,13.3,1920,1080,90,1.28,windows pro 10.00,48,1063.5
dell,intel,i7,4,1.8,4,ddr4,16,0,512,nvidia,4096,1227,1468,led ips,15.6,1920,1080,60,2,windows pro 10.00,42,1069.5
lenovo,amd,ryzen7,8,1.7,4.1,ddr4,8,0,256,amd,2048,1100,1600,led ips,14,1920,1080,50,1.47,windows home 10.00,50,1072.5
dell,intel,i5,4,2.5,4.5,ddr4,8,0,256,nvidia,6144,1455,1590,led ips,15.6,1920,1080,90,2.56,windows home 10.00,86,1073.5
asus,intel,i5,4,2.4,4.1,ddr4,8,0,512,nvidia,6144,1455,1590,led ips,15.6,1920,1080,60,2.4,windows home 10.00,66,1076.5
dell,intel,i7,6,2.6,4.5,ddr4,8,0,256,nvidia,4096,1395,1560,led ips,15.6,1920,1080,100,2,windows home 10.00,97,1078.5
lenovo,intel,i7,4,3,4.8,ddr4,16,0,512,intel,8192,400,1350,led ips,14,1920,1080,100,1.44,windows home 10.00,60,1080.5
dell,intel,i7,4,1.8,4.6,ddr4,16,0,256,intel,1700,300,1150,led ips,13.3,3840,2160,90,1.45,windows home 10.00,38,1085.5
lenovo,intel,i5,4,1.6,3.4,ddr4,16,0,512,intel,1700,300,1100,led ips,14,1920,1080,60,1.32,windows pro 10.00,57,1091.5
apple,intel,i5,4,1.4,3.9,ddr3,8,0,256,intel,128,300,1050,led ips,13.3,2560,1600,100,1.37,macos  11.00,58,1099.5
dell,intel,i5,4,1.6,4.1,ddr4,8,0,256,intel,1700,300,1100,led ips,14,1920,1080,100,1.36,windows pro 10.00,52,1099.5
asus,amd,ryzen7,8,2.9,4.2,ddr4,16,0,1024,nvidia,6144,1455,1590,led ips,17.3,1920,1080,60,2.58,windows home 10.00,90,1099.5
dell,intel,i5,4,2.4,4.1,ddr4,16,1000,1024,nvidia,6144,1140,1335,led ips,15.6,1920,1080,60,2.34,windows home 10.00,51,1100
asus,intel,i5,2,2.3,2.8,ddr3,8,0,256,intel,1700,300,1000,led ips,13.3,1920,1080,0,1.45,windows home 10.00,50,1100
lenovo,intel,i7,6,2.6,4.5,ddr4,16,1000,256,nvidia,6144,1455,1590,led ips,15.6,1920,1080,90,2.35,windows home 10.00,52.5,1100
lenovo,intel,i7,6,2.6,4.5,ddr4,8,1000,256,nvidia,4096,1395,1560,led ips,17.3,1920,1080,90,2.8,windows home 10.00,52.5,1100
dell,intel,i7,4,3,4.8,ddr4,32,0,256,intel,8192,400,1350,led ips,13.4,1920,1200,100,1.27,windows home 10.00,52,1100
asus,intel,i7,6,2.6,5,ddr4,16,0,512,nvidia,4096,1530,1725,led ips,15.6,1920,1080,90,2.3,windows home 10.00,66,1100
hp,intel,i7,4,1.2,4.5,ddr4,16,0,256,intel,1700,300,1150,led ips,13.3,1920,1080,90,1.47,windows home 10.00,54.28,1100
lenovo,intel,i5,4,1.6,4.2,ddr4,8,0,256,nvidia,2048,1266,1354,led ips,15.6,1920,1080,60,1.75,windows home 10.00,57,1101
lenovo,intel,i5,4,1.6,4.2,ddr4,8,0,256,nvidia,2048,1266,1354,led ips,14,1920,1080,50,1.47,windows home 10.00,50,1101
hp,intel,i7,4,1.9,4.8,ddr4,8,0,256,intel,1700,300,1150,led ips,14,1920,1080,90,1.48,windows pro 10.00,50,1103
lenovo,amd,ryzen5,6,2.1,4,ddr4,32,0,128,amd,2048,1100,1500,led ips,14,1920,1080,60,1.55,windows home 10.00,50,1105
lenovo,amd,ryzen5,4,2.1,3.7,ddr4,32,1000,256,amd,2048,1100,1200,led ips,15.6,1920,1080,60,2.1,windows pro 10.00,45,1119
lenovo,amd,ryzen5,4,2.1,3.7,ddr4,16,1000,512,amd,2048,1100,1200,led ips,15.6,1920,1080,60,2.1,windows pro 10.00,45,1119
lenovo,amd,ryzen7,8,2,4.1,ddr4,8,0,512,amd,2048,1100,1600,led ips,15.6,1920,1080,50,1.7,windows pro 10.00,45,1119
lenovo,intel,i5,4,1.6,3.4,ddr4,8,0,256,intel,1700,300,1100,led ips,14,1920,1080,0,1.68,windows pro 10.00,45,1120
asus,intel,i7,4,1.8,4.9,ddr4,16,1000,128,intel,1700,300,1150,led ips,15.6,1920,1080,90,1.9,windows home 10.00,56,1125
dell,intel,i5,4,1.7,4.4,ddr4,16,0,256,intel,1700,300,1150,led ips,14,1920,1080,90,1.46,windows pro 10.00,39,1129
asus,intel,i5,4,1.6,3.9,ddr4,8,0,256,intel,1700,300,1100,led ips,15.6,1920,1080,60,1.8,windows home 10.00,42,1129
asus,amd,ryzen7,8,2,4.1,ddr4,8,0,256,nvidia,2048,1531,1594,led ips,15.6,1920,1080,60,1.9,windows home 10.00,56,1129
hp,intel,i5,4,1.6,4.2,ddr4,8,0,128,intel,1700,300,1100,led ips,14,1920,1080,60,1.41,no os  0.00,53,1132
asus,intel,i7,4,1.8,4.9,ddr4,16,0,512,nvidia,2048,1519,1582,led ips,13.3,1920,1080,90,1.22,windows home 10.00,50,1136
hp,intel,i5,4,1.6,4.1,ddr4,16,0,512,intel,1700,300,1100,led ips,13.3,1920,1080,0,1.55,windows pro 10.00,50,1147
dell,intel,i7,4,1.9,4.8,ddr4,16,0,256,intel,1700,300,1150,led ips,13.3,1920,1080,100,1.42,windows pro 10.00,60,1147
lenovo,intel,i5,4,2.4,4.2,ddr4,8,0,256,intel,8192,400,1300,led ips,13.3,1920,1080,90,1.43,windows pro 10.00,46,1149
dell,intel,i7,6,2.7,5.1,ddr4,4,500,0,nvidia,2048,1519,1582,led ips,15.6,1920,1080,90,1.89,windows pro 10.00,51,1149
asus,intel,i7,4,1.8,4.9,ddr4,16,0,512,nvidia,4096,1020,1245,led ips,15.6,3840,2160,90,1.65,windows home 10.00,71,1149
lenovo,intel,i5,4,1.6,3.9,ddr4,16,0,512,intel,1700,300,1100,led ips,15.6,1920,1080,60,1.75,windows pro 10.00,57,1150.5
dell,intel,i5,4,1,3.6,ddr4,8,0,512,intel,8192,300,1050,led ips,13.4,3840,2400,100,1.27,windows home 10.00,52,1150.5
asus,intel,i7,4,1.8,4,ddr3,16,0,512,intel,1700,300,1150,led ips,13.3,1920,1080,90,1.1,windows pro 10.00,39,1150.5
asus,intel,i7,4,1.8,4.9,ddr3,16,0,512,nvidia,2048,1519,1582,led ips,14,1920,1080,90,1.26,windows home 10.00,50,1150.5
asus,intel,i7,4,1.8,4.9,ddr4,20,1000,512,intel,1700,300,1150,led ips,17.3,1920,1080,60,2.3,windows home 10.00,47,1150.5
hp,intel,i7,6,2.6,5,ddr4,16,0,256,nvidia,4096,1530,1725,led ips,15.6,1920,1080,90,2.15,windows home 10.00,83,1150.5
lenovo,amd,ryzen5,6,3,4,ddr4,8,0,256,nvidia,6144,960,1200,led ips,17.3,1920,1080,90,2.98,windows home 10.00,80,1150.5
asus,intel,i5,4,1.6,3.9,ddr4,8,0,512,intel,1700,300,1100,led ips,14,1920,1080,60,1.23,windows pro 10.00,50,1152.5
acer,intel,i7,6,2.6,5,ddr4,16,0,512,nvidia,6144,960,1200,led ips,15.6,1920,1080,90,2.5,windows home 10.00,59,1156.5
hp,intel,i7,4,1.8,4.9,ddr4,16,0,512,nvidia,4096,1519,1582,led ips,17.3,1920,1080,90,2.78,windows home 10.00,52,1156.5
hp,intel,i7,4,1.9,4.8,ddr4,16,0,256,intel,1700,300,1150,led ips,14,1920,1080,90,1.36,windows pro 10.00,56,1157.5
asus,amd,ryzen7,8,2.9,4.2,ddr4,16,0,1024,nvidia,6144,1140,1335,led ips,15.6,1920,1080,100,2.1,windows home 10.00,76,1158.5
dell,intel,i7,6,2.6,4.5,ddr4,16,0,256,nvidia,3072,1366,1442,led ips,15.6,1920,1080,90,1.87,windows home 10.00,56,1159.5
lenovo,amd,ryzen5,6,2.1,4,ddr4,16,0,256,amd,2048,1100,1500,led ips,14,1920,1080,60,1.35,windows home 10.00,57,1162.5
hp,intel,i5,4,1.6,4.2,ddr4,8,0,256,intel,1700,300,1100,led ips,13.3,1920,1080,60,1.35,windows pro 10.00,53,1164.5
dell,intel,i5,4,2.6,4.6,ddr4,4,500,0,intel,1700,350,1100,led ips,15.6,1920,1080,60,1.89,linux ubuntu 0.00,97,1165.5
asus,intel,i7,6,2.6,4.5,ddr4,32,500,256,nvidia,4096,1395,1560,led ips,15.6,1920,1080,60,2.4,windows home 10.00,48,1165.5
lenovo,intel,i5,4,1.6,3.9,ddr4,24,0,2048,intel,1700,300,1100,led ips,15.6,1920,1080,60,1.75,windows pro 10.00,57,1170.5
dell,intel,i5,4,1.6,3.9,ddr4,16,0,1024,intel,1700,300,1100,led ips,14,1920,1080,90,1.4,windows pro 10.00,60,1170.5
asus,intel,i7,4,1.8,4.9,ddr4,16,0,512,nvidia,2048,1519,1582,led ips,14,1920,1080,90,1.4,windows home 10.00,50,1170.5
lenovo,intel,i5,4,1.6,3.9,ddr4,24,0,512,intel,1700,300,1100,led ips,14,1920,1080,60,1.55,windows pro 10.00,50,1180.5
hp,intel,i5,4,1.6,4.2,ddr4,8,0,128,intel,1700,300,1100,led ips,15.6,1920,1080,50,1.76,no os  0.00,56,1188.5
lenovo,intel,i7,6,2.6,4.5,ddr4,16,1000,512,nvidia,6144,1455,1590,led ips,15.6,1920,1080,100,2.2,windows home 10.00,57,1190.5
dell,intel,i5,4,1.6,4.2,ddr4,8,0,256,nvidia,2048,1266,1354,led ips,15.6,1920,1080,60,1.86,windows pro 10.00,42,1193.5
dell,intel,i5,4,1.6,4.1,ddr4,8,500,0,intel,1700,300,1100,led ips,15.6,1920,1080,60,1.82,windows pro 10.00,42,1198.5
hp,intel,i5,4,1.6,3.4,ddr4,16,0,512,intel,1700,300,1100,led ips,14,1920,1080,90,1.48,windows pro 10.00,50,1199.5
lenovo,intel,i7,4,1.8,4.6,ddr4,8,0,256,nvidia,2048,1266,1354,led ips,15.6,1920,1080,60,1.75,windows pro 10.00,57,1199.5
dell,intel,i7,4,1.8,4.6,ddr4,8,0,256,nvidia,2048,1122,1242,led tn,15.6,1920,1080,0,2.15,windows pro 10.00,42,1199.5
asus,intel,i7,4,1.8,4.6,ddr4,16,0,512,nvidia,2048,1227,1468,led ips,13.9,1920,1080,100,1.1,windows pro 10.00,50,1199.5
asus,intel,i7,6,2.6,5,ddr4,8,0,1024,nvidia,6144,1455,1590,led ips,17.3,1920,1080,100,2.85,windows home 10.00,66,1199.5
asus,intel,i7,6,2.6,5,ddr4,16,0,512,nvidia,6144,960,1200,led ips,15.6,1920,1080,90,2.3,windows home 10.00,66,1199.5
lenovo,intel,i7,6,2.6,4.5,ddr4,16,0,1024,nvidia,6144,960,1200,led ips,15.6,1920,1080,100,2.2,windows home 10.00,57,1200
lenovo,intel,i7,4,1.8,4.9,ddr4,24,0,1024,intel,1700,300,1150,led ips,15.6,1920,1080,60,1.8,windows pro 10.00,45,1200
asus,intel,i7,4,2.8,4.7,ddr4,16,0,512,nvidia,2048,720,930,led ips,14,1920,1080,90,1.18,windows pro 10.00,63,1200
dell,intel,i3,2,2.1,3.9,ddr4,4,0,128,intel,1700,300,1100,led tn,13.3,1920,1080,90,1.42,chrome os  0.00,60,1206
hp,amd,ryzen5,4,2.1,3.7,ddr4,8,0,256,amd,2048,1100,1200,led ips,13.3,1920,1080,90,1.44,windows pro 10.00,50,1206
hp,intel,i7,4,1.8,4.6,ddr4,16,0,512,amd,4096,925,1295,led ips,14,1920,1080,60,1.48,windows pro 10.00,50,1207
asus,amd,ryzen7,4,2.3,4,ddr4,8,0,512,nvidia,6144,1455,1590,led ips,15.6,1920,1080,50,2.3,windows home 10.00,48,1219
asus,intel,i7,6,2.6,5,ddr4,16,0,512,nvidia,6144,1455,1590,led ips,15.6,1920,1080,100,1.9,windows home 10.00,76,1223
dell,intel,i7,4,1.9,4.8,ddr4,16,0,512,intel,1700,300,1150,led ips,12.3,1920,1280,100,0.85,windows pro 10.00,38,1224
dell,intel,i5,4,2.4,4.2,ddr4,16,0,512,intel,8192,400,1300,led ips,13.4,1920,1200,100,1.32,windows home 10.00,51,1225
lenovo,intel,i7,4,2.8,3.8,ddr4,16,0,512,nvidia,2048,1354,1493,led ips,15.6,3840,2160,90,2,windows home 10.00,72,1229
lenovo,intel,i5,4,2.5,4.5,ddr4,8,0,256,nvidia,6144,1455,1590,led ips,15.6,1920,1080,100,2.25,windows home 10.00,80,1230
lenovo,intel,i5,4,1.6,4.2,ddr4,24,0,128,intel,1700,300,1100,led ips,14,1920,1080,50,1.61,windows home 10.00,50,1231
lenovo,intel,i5,4,2.5,4.5,ddr4,8,0,256,nvidia,4096,1266,1354,led ips,15.6,1920,1080,60,2.07,windows home 10.00,68,1235
dell,intel,i7,6,2.2,4.1,ddr4,16,1000,256,nvidia,6144,1405,1708,led ips,15.6,1920,1080,80,3.49,windows home 10.00,99,1240
acer,intel,i7,6,2.6,4.5,ddr4,16,0,512,nvidia,6144,960,1200,led ips,15.6,1920,1080,90,2.41,windows home 10.00,58,1247
acer,intel,i7,6,2.2,4.1,ddr4,16,0,256,nvidia,6144,1405,1708,led ips,15.6,1920,1080,90,2.7,windows home 10.00,48,1249
dell,intel,i5,4,2.3,4,ddr4,8,0,256,nvidia,4096,1354,1493,led ips,15.6,3840,2160,100,2,windows home 10.00,97,1250.5
lenovo,intel,i7,4,1.8,4,ddr4,16,0,1024,intel,1700,300,1150,led ips,13.9,3840,2160,100,1.38,windows home 10.00,60,1257.5
dell,intel,i7,6,2.7,5.1,ddr4,16,0,256,intel,1700,350,1150,led ips,14,1920,1080,60,1.54,windows pro 10.00,51,1259.5
lenovo,intel,i7,6,2.6,4.5,ddr4,16,0,512,nvidia,4096,1020,1245,led ips,15.6,3840,2160,100,1.9,windows home 10.00,69,1265.5
lenovo,amd,ryzen7,8,2,4.1,ddr4,16,0,512,amd,2048,1100,1600,led ips,15.6,1920,1080,50,1.7,windows pro 10.00,45,1269.5
lenovo,intel,i5,4,1.6,4.2,ddr3,8,0,512,intel,1700,300,1100,led ips,14,3840,2160,100,1.36,windows pro 10.00,51,1270.5
lenovo,intel,i5,4,2.5,4.5,ddr4,8,0,256,nvidia,3072,1366,1442,led ips,15.6,1920,1080,50,2.07,windows home 10.00,68,1270.5
acer,intel,i7,6,2.6,5,ddr4,16,0,512,nvidia,4096,1395,1560,led ips,14,1920,1080,100,1.73,windows home 10.00,57,1280.5
lenovo,intel,i5,4,1.6,4.2,ddr4,32,0,128,intel,1700,300,1100,led ips,15.6,1920,1080,60,1.89,linux ubuntu 0.00,57,1294.5
asus,intel,i7,6,2.6,5,ddr4,16,1000,256,nvidia,4096,1020,1245,led ips,15.6,1920,1080,100,2,windows pro 10.00,63,1299.5
acer,intel,i7,6,2.6,5,ddr4,16,0,512,nvidia,6144,960,1200,led ips,17.3,1920,1080,90,2.9,windows home 10.00,58.75,1299.5
acer,intel,i7,6,2.6,5,ddr4,16,0,512,nvidia,8192,1080,1285,led ips,15.6,1920,1080,100,2,windows home 10.00,58.75,1299.5
asus,amd,ryzen7,4,2.3,4,ddr4,16,0,512,nvidia,6144,1455,1590,led ips,17.3,1920,1080,90,2.58,windows home 10.00,64,1299.5
dell,intel,i5,4,2.5,3.5,ddr4,8,0,256,nvidia,4096,1354,1493,led ips,15.6,3840,2160,100,2.06,windows home 10.00,97,1300
lenovo,intel,i7,6,2.6,4.5,ddr4,12,0,512,nvidia,4096,1020,1245,led ips,15.6,1920,1080,90,2,windows home 10.00,69,1300
dell,intel,i7,4,1.8,4.6,ddr3,8,0,512,intel,1700,300,1150,led ips,13.3,3840,2160,100,1.27,windows home 10.00,52,1300
dell,intel,i7,4,1.9,4.8,ddr4,32,0,1024,intel,1700,300,1150,led ips,13.3,1920,1080,60,1.25,windows pro 10.00,60,1300
hp,intel,i7,4,1.8,4,ddr4,16,0,512,intel,1700,300,1150,led ips,13.3,1920,1080,90,1.25,windows home 10.00,60,1300
hp,intel,i7,4,1.8,4.6,ddr4,16,0,512,intel,1700,300,1150,led ips,13.3,3840,2160,100,1.32,windows home 10.00,61,1300
asus,amd,ryzen7,8,2.9,4.2,ddr4,16,0,512,nvidia,6144,1140,1335,led ips,14,1920,1080,100,1.7,windows home 10.00,76,1300
dell,intel,i7,6,2.3,4.6,ddr4,8,0,256,nvidia,4096,1500,1690,led ips,15.6,1920,1080,100,1.8,linux ubuntu 0.00,97,1302
hp,intel,i5,4,1.6,3.9,ddr4,8,0,256,intel,1700,300,1100,led ips,15.6,1920,1080,60,1.78,windows pro 10.00,56,1307
hp,intel,i7,4,1.8,4.9,ddr4,16,0,512,nvidia,2048,1519,1582,led ips,15.6,3840,2160,90,2.18,windows home 10.00,84,1307
asus,intel,i7,6,2.6,4.5,ddr4,16,0,512,nvidia,4096,1395,1560,led ips,17.3,1920,1080,60,2.85,windows home 10.00,66,1308
dell,intel,i3,2,2.1,3.9,ddr4,8,0,256,intel,1700,300,1100,led tn,13.3,1920,1080,90,1.42,chrome os  0.00,60,1311
dell,intel,i7,4,1.3,3.9,ddr4,16,0,512,intel,8192,300,1100,led ips,13.4,3840,2400,100,1.32,windows home 10.00,51,1323
lenovo,intel,i7,4,1.8,4,ddr4,16,0,512,intel,1700,300,1150,led ips,13.9,3840,2160,100,1.38,windows home 10.00,60,1325
hp,intel,i5,4,1.6,4.2,ddr4,8,0,128,intel,1700,300,1100,led ips,13.3,1920,1080,60,1.31,windows home 10.00,53,1326
asus,amd,ryzen7,8,2.9,4.2,ddr4,16,0,512,nvidia,6144,960,1200,led ips,15.6,1920,1080,100,2.1,windows pro 10.00,76,1330
lenovo,amd,ryzen5,6,2.3,4,ddr4,20,0,1536,amd,2048,1100,1500,led ips,15.6,1920,1080,60,1.7,windows pro 10.00,45,1331
hp,intel,i7,4,1.8,4.6,ddr4,16,0,512,nvidia,2048,1227,1468,led ips,15.6,3840,2160,90,2.17,windows home 10.00,84,1339
dell,intel,i7,6,2.6,4.5,ddr4,16,0,512,nvidia,3072,1366,1442,led ips,15.6,1920,1080,90,1.9,windows pro 10.00,56,1348
dell,intel,i5,4,1.6,4.1,ddr4,16,0,1024,intel,1700,300,1100,led ips,14,1920,1080,100,1.36,windows pro 10.00,52,1349
lenovo,intel,i5,4,2.4,4.2,ddr4,16,0,512,intel,8192,400,1300,led ips,14,3840,2160,100,1.2,windows home 10.00,63.5,1350.5
dell,intel,i7,4,1.9,4.2,ddr4,8,0,256,intel,1700,300,1150,led tn,12.5,1366,768,0,1.19,windows pro 10.00,60,1350.5
acer,amd,ryzen5,6,2.3,4,ddr4,8,0,256,amd,2048,1082,1218,led ips,15.6,1920,1080,60,1.8,windows home 10.00,48,1352.5
dell,intel,i3,2,2.1,3.9,ddr4,16,0,512,intel,1700,300,1100,led tn,14,1366,768,90,1.52,chrome os  0.00,68,1354.5
dell,intel,i3,2,2.7,2.7,ddr4,8,0,128,intel,1700,300,1000,led ips,14,1920,1080,60,3.4,linux ubuntu 0.00,102,1359.5
lenovo,intel,i5,4,1.6,4.2,ddr4,16,0,512,intel,1700,300,1100,led ips,13.3,1920,1080,90,1.25,windows pro 10.00,48,1368.5
asus,intel,i7,6,2.6,4.5,ddr4,16,0,512,nvidia,6144,960,1200,led ips,15.6,1920,1080,100,2,windows home 10.00,76,1370.5
dell,intel,i5,4,1.6,3.9,ddr4,32,0,1024,intel,1700,300,1100,led ips,14,1920,1080,90,1.4,windows pro 10.00,60,1382.5
lenovo,amd,ryzen5,6,3,4,ddr4,16,1000,512,nvidia,6144,960,1200,led ips,17.3,1920,1080,90,2.98,windows pro 10.00,80,1385.5
hp,intel,i7,6,2.6,4.5,ddr4,8,0,256,nvidia,2048,1329,1557,led ips,15.6,1920,1080,60,2.14,windows pro 10.00,70,1386.5
hp,intel,i7,4,1.9,4.8,ddr4,16,0,512,intel,1700,300,1150,led ips,13.3,3840,2160,90,1.27,windows pro 10.00,56.2,1387.5
lenovo,intel,i5,4,1.6,4.2,ddr3,16,0,256,intel,1700,300,1100,led ips,14,3840,2160,100,1.36,windows pro 10.00,51,1389.5
dell,intel,i5,4,1.7,4.4,ddr4,8,0,128,intel,1700,300,1150,led ips,14,1920,1080,90,1.39,chrome os  0.00,52,1389.5
acer,intel,i7,6,2.6,4.5,ddr4,16,0,512,nvidia,6144,960,1200,led ips,15.6,1920,1080,90,2,windows pro 10.00,82,1395.5
apple,intel,i3,2,1.1,3.2,ddr4,16,0,512,intel,8192,300,900,led ips,13.3,2560,1600,100,1.25,macos  11.00,49.9,1399.5
dell,intel,i5,4,2.5,4.5,ddr4,8,0,256,intel,1700,350,1050,led ips,17,1920,1200,100,2.51,windows pro 10.00,97,1399.5
lenovo,intel,i7,6,2.6,4.5,ddr4,8,2000,128,nvidia,6144,1455,1590,led ips,15.6,1920,1080,90,2.3,windows home 10.00,57,1399.5
acer,intel,i5,4,2.4,4.2,ddr4,8,0,512,intel,8192,400,1300,led ips,14,1920,1080,100,1.5,windows home 10.00,56,1400
lenovo,intel,i7,6,2.6,4.5,ddr4,16,1000,512,nvidia,8192,1080,1285,led ips,17.3,1920,1080,90,2.8,windows home 10.00,76,1400
asus,intel,i7,6,2.6,4.5,ddr4,16,0,1024,nvidia,6144,960,1200,led ips,15.6,1920,1080,90,1.9,windows home 10.00,76,1400
hp,intel,i7,4,1.9,4.8,ddr4,16,0,512,intel,1700,300,1150,led ips,15.6,1920,1080,70,1.77,windows pro 10.00,56,1403
dell,intel,i3,2,2.1,3.9,ddr4,16,0,256,intel,1700,300,1100,led tn,13.3,1920,1080,90,1.42,chrome os  0.00,60,1404
asus,intel,i7,6,2.6,4.5,ddr4,16,0,1024,nvidia,4096,1395,1560,led ips,17.3,1920,1080,60,2.85,windows home 10.00,66,1407
dell,intel,i7,6,2.6,5,ddr4,16,0,256,nvidia,6144,1455,1590,led ips,17.3,1920,1080,90,3.29,windows home 10.00,97,1416
dell,intel,i5,4,2.5,4.3,ddr4,8,0,256,intel,1700,350,1100,led ips,14,1920,1080,60,1.53,windows pro 10.00,68,1417
dell,intel,i7,4,1.9,4.8,ddr4,16,0,1024,intel,1700,300,1150,led ips,12.3,1920,1280,100,0.85,windows pro 10.00,38,1417
lenovo,intel,i5,4,2.5,4.3,ddr4,16,0,256,nvidia,4096,1500,1690,led ips,15.6,1920,1080,90,2.45,windows pro 10.00,90,1418
dell,intel,i5,4,1.7,4.4,ddr4,8,0,512,intel,1700,300,1150,led ips,12.3,1920,1280,100,1.2,windows pro 10.00,38,1419
hp,intel,i5,4,1.6,4.2,ddr4,8,0,256,intel,1700,300,1100,led ips,13.3,1920,1080,90,1.32,windows pro 10.00,54,1419
hp,intel,i7,6,2.6,5,ddr4,16,0,256,nvidia,4096,1035,1200,led ips,15.6,3840,2160,90,1.92,windows home 10.00,72.9,1420
dell,intel,i3,2,2.7,2.7,ddr4,8,0,128,intel,1700,300,1000,led ips,14,1920,1080,60,4.15,linux ubuntu 0.00,51,1426
lenovo,amd,ryzen7,8,1.7,4.1,ddr4,16,0,1024,amd,2048,1100,1600,led ips,14,1920,1080,50,1.47,windows pro 10.00,50,1428
asus,intel,i7,6,2.6,5,ddr4,16,0,256,nvidia,8192,1080,1285,led ips,15.6,1920,1080,100,1.9,windows home 10.00,76,1430
hp,intel,i7,6,1.1,4.7,ddr4,8,0,128,intel,1700,300,1150,led ips,15.6,1920,1080,60,1.76,no os  0.00,56,1431
hp,intel,i5,4,1.6,3.9,ddr3,8,0,256,intel,1700,300,1100,led ips,12.3,1920,1280,100,1.2,windows pro 10.00,47,1433
hp,intel,i7,6,2.6,4.5,ddr4,16,1000,256,nvidia,6144,960,1200,led ips,17.3,1920,1080,90,2.92,windows home 10.00,70,1438
asus,intel,i7,6,2.6,4.5,ddr4,16,0,512,nvidia,6144,1455,1590,led ips,15.6,1920,1080,90,1.9,windows pro 10.00,76,1439
asus,intel,i7,4,1.8,4.9,ddr4,16,0,1024,nvidia,2048,1519,1582,led ips,14,1920,1080,90,1.5,windows pro 10.00,70,1439
lenovo,amd,ryzen5,6,2.3,4,ddr4,12,0,2048,amd,2048,1100,1500,led ips,15.6,1920,1080,60,1.7,windows pro 10.00,45,1439
lenovo,intel,i7,6,2.6,4.5,ddr4,16,0,1024,nvidia,4096,1020,1245,led ips,15.6,3840,2160,100,1.9,windows home 10.00,69,1448
dell,intel,i7,4,1.9,4.8,ddr4,32,0,512,intel,1700,300,1150,led ips,13.3,1920,1080,60,1.25,windows pro 10.00,60,1449
asus,intel,i7,6,2.6,5,ddr4,16,0,1024,nvidia,8192,1215,1440,led ips,15.6,1920,1080,90,2.3,windows home 10.00,66,1449
apple,intel,i5,4,1.4,3.9,ddr3,16,0,128,intel,128,300,1050,led ips,13.3,2560,1600,100,1.37,macos  11.00,58,1450
lenovo,intel,i7,6,2.6,5,ddr4,12,0,512,nvidia,4096,1530,1725,led ips,15.6,1920,1080,90,2,windows home 10.00,69,1450.5
asus,intel,i7,6,2.6,5,ddr4,16,0,1024,nvidia,6144,960,1200,led ips,15.6,3840,2160,100,1.9,windows home 10.00,76,1450.5
asus,intel,i7,4,1.8,4.6,ddr4,8,0,256,nvidia,2048,1519,1582,led ips,15.6,1920,1080,60,1.8,windows home 10.00,42,1459.5
lenovo,amd,ryzen5,6,3,4,ddr4,16,1000,1024,nvidia,6144,960,1200,led ips,17.3,1920,1080,90,2.98,windows pro 10.00,80,1460.5
hp,intel,i5,4,1.6,3.9,ddr4,16,0,256,intel,1700,300,1100,led ips,13.3,1920,1080,90,1,windows pro 10.00,56,1468.5
dell,intel,i5,4,1.6,4.1,ddr4,8,0,256,intel,1700,300,1100,led ips,13.3,1920,1080,90,1.42,chrome os  0.00,42,1469.5
lenovo,intel,i5,4,1.8,4,ddr4,8,0,256,intel,8192,400,1100,led ips,13,2160,1350,100,1.03,windows pro 10.00,48,1475.5
lenovo,intel,i5,4,2.5,4.5,ddr4,16,0,256,nvidia,4096,1020,1245,led ips,15.6,1920,1080,100,1.9,windows home 10.00,57,1477.5
asus,intel,i7,6,2.6,5,ddr4,24,0,2048,nvidia,4096,1530,1725,led ips,15.6,1920,1080,90,2,windows home 10.00,42,1496.5
asus,intel,i7,2,2.7,3.5,ddr4,8,1000,128,intel,1700,300,1050,led ips,15.6,1920,1080,70,1.7,windows home 10.00,42,1499.5
asus,intel,i7,6,2.6,5,ddr4,16,0,512,nvidia,8192,1140,1380,led ips,17.3,1920,1080,100,2.85,windows home 10.00,66,1499.5
asus,intel,i7,6,2.6,5,ddr4,16,0,512,nvidia,6144,960,1200,led ips,17.3,1920,1080,100,2.85,windows home 10.00,66,1499.5
lenovo,intel,i7,4,3,4.8,ddr4,16,0,1024,intel,8192,400,1350,led ips,14,1920,1080,100,1.44,windows home 10.00,60,1500
asus,intel,i7,6,2.6,5,ddr4,16,0,512,nvidia,8192,1215,1440,led ips,17.3,1920,1080,100,2.85,windows pro 10.00,66,1500
asus,intel,i7,4,1.8,4.9,ddr4,16,0,1024,nvidia,4096,1354,1493,led ips,15.6,3840,2160,0,1.9,windows home 10.00,71,1500
acer,intel,i7,6,2.6,5,ddr4,32,0,1024,nvidia,6144,960,1200,led ips,17.3,1920,1080,90,2.9,windows home 10.00,58.75,1500
dell,intel,i7,6,2.6,5,ddr4,16,0,256,amd,4096,1375,1645,led ips,17.3,1920,1080,90,2.97,windows home 10.00,86,1505
lenovo,intel,i7,6,2.6,5,ddr4,8,0,256,nvidia,4096,1035,1200,led ips,15.6,1920,1080,90,1.81,windows home 10.00,80,1506
lenovo,intel,i5,4,2.6,4.6,ddr4,8,0,256,nvidia,4096,1500,1690,led ips,15.6,1920,1080,90,2.74,windows home 10.00,94,1507
lenovo,intel,i7,6,2.6,4.5,ddr4,8,1000,0,nvidia,4096,1266,1354,led ips,17.3,1920,1080,90,3.4,windows pro 10.00,99,1508
hp,intel,i5,4,2.6,4.6,ddr4,8,0,256,intel,1700,350,1100,led ips,15.6,1920,1080,90,1.79,linux ubuntu 0.00,83,1509
dell,intel,i7,6,2.6,5,ddr4,8,0,256,intel,1700,350,1150,led ips,17.3,1920,1080,60,3.13,linux ubuntu 0.00,95,1519
lenovo,intel,i5,4,1.6,4.2,ddr4,16,0,512,intel,1700,300,1100,led ips,14,1920,1080,60,1.49,windows home 10.00,57,1524
lenovo,intel,i5,4,1.6,4.2,ddr4,16,0,1024,intel,1700,300,1100,led ips,13.3,1920,1080,90,1.25,windows pro 10.00,48,1529
asus,intel,i7,6,2.6,5,ddr4,16,0,1024,nvidia,4096,1530,1725,led ips,15.6,3840,2160,100,2,windows pro 10.00,96,1530
lenovo,amd,ryzen7,8,1.7,4.1,ddr4,40,0,512,amd,2048,1100,1600,led ips,14,1920,1080,50,1.47,windows pro 10.00,50,1532
asus,intel,i7,6,2.6,4.5,ddr4,32,0,512,nvidia,6144,960,1200,led ips,15.6,1920,1080,90,1.9,windows home 10.00,76,1540
asus,intel,i7,4,2.8,4.7,ddr4,16,0,512,intel,8192,400,1300,oled,13.3,3840,2160,100,1.2,windows pro 10.00,67,1549
asus,intel,i7,4,2.8,4.7,ddr4,16,0,1024,intel,8192,400,1300,oled,13.3,3840,2160,100,1.2,windows pro 10.00,67,1550.5
hp,intel,i7,6,2.6,4.5,ddr4,16,0,512,nvidia,4096,1493,1519,led ips,15.6,1920,1080,90,2.09,windows pro 10.00,95.6,1554.5
asus,amd,ryzen7,8,2.9,4.2,ddr4,16,1000,128,nvidia,6144,960,1200,led ips,15.6,1920,1080,60,2.3,windows pro 10.00,90,1569.5
dell,intel,i7,6,2.6,4.3,ddr4,8,0,256,nvidia,2048,1122,1242,led tn,15.6,1920,1080,60,1.93,windows pro 10.00,68,1570.5
asus,intel,i7,6,2.2,4.1,ddr4,16,0,512,nvidia,4096,1493,1620,led ips,15.6,3840,2160,100,1.8,windows pro 10.00,71,1574.5
hp,intel,i7,4,1.8,4,ddr4,8,0,256,intel,1700,300,1150,led ips,13.3,1920,1080,90,1.35,windows pro 10.00,53.2,1574.5
lenovo,intel,i5,4,1.6,4.2,ddr4,24,0,1024,nvidia,2048,1266,1354,led ips,15.6,1920,1080,60,1.75,windows pro 10.00,57,1575.5
dell,intel,i7,6,2.6,4.5,ddr4,16,0,512,nvidia,6144,960,1200,led ips,15.6,1920,1080,90,2.85,windows home 10.00,60,1575.5
lenovo,intel,i5,4,2.5,4.5,ddr4,32,0,512,nvidia,3072,1366,1442,led ips,15.6,1920,1080,50,2.07,windows pro 10.00,68,1584.5
asus,amd,ryzen7,8,2.9,4.2,ddr4,40,0,2048,nvidia,4096,1395,1560,led ips,14,1920,1080,100,1.6,windows home 10.00,76,1584.5
asus,intel,i7,4,1.8,4.6,ddr3,16,0,512,intel,1700,300,1150,led ips,13.3,1920,1080,100,1.19,windows home 10.00,50,1589.5
dell,intel,i7,6,2.2,4.1,ddr4,16,0,512,nvidia,8192,1215,1440,led ips,15.6,1920,1080,90,2.16,windows home 10.00,60,1590.5
lenovo,intel,i7,6,2.6,5,ddr4,16,0,512,nvidia,4096,1500,1690,led ips,17.3,1920,1080,90,3.5,windows pro 10.00,94,1593.5
lenovo,intel,i7,4,1.9,4.8,ddr4,16,0,1024,nvidia,2048,1519,1582,led ips,15.6,1920,1080,60,1.75,windows pro 10.00,57,1599.5
lenovo,intel,i7,4,1.8,4.6,ddr4,40,0,1024,nvidia,2048,1266,1354,led ips,15.6,1920,1080,60,1.75,windows pro 10.00,57,1599.5
asus,intel,i7,6,2.6,4.5,ddr4,16,0,512,nvidia,8192,1215,1440,led ips,15.6,1920,1080,100,2.57,windows pro 10.00,66,1599.5
hp,intel,i5,4,1.7,4.4,ddr4,8,0,256,intel,1700,300,1150,led ips,14,3840,2160,100,1.32,windows home 10.00,54,1600
hp,intel,i7,6,2.6,4.5,ddr4,16,0,512,nvidia,4096,1020,1245,led ips,15.6,3840,2160,90,2.17,windows home 10.00,84,1600
dell,intel,i7,6,2.6,5,ddr4,16,0,512,nvidia,6144,960,1200,led ips,15.6,1920,1080,90,2.5,windows home 10.00,86,1603
lenovo,intel,i5,4,1.6,4.2,ddr4,48,0,256,intel,1700,300,1100,led ips,14,1920,1080,50,1.61,windows home 10.00,50,1609
asus,intel,i7,6,2.6,5,ddr4,32,0,2048,nvidia,4096,1530,1725,led ips,15.6,1920,1080,90,2.3,windows home 10.00,66,1615
asus,intel,i7,4,2.8,4.7,ddr4,16,0,512,nvidia,4096,1020,1245,led ips,15.6,1920,1080,90,1.9,windows home 10.00,96,1619
asus,intel,i7,4,1.8,4.9,ddr4,16,0,512,intel,1700,300,1150,led ips,14,1920,1080,100,1,windows pro 10.00,33,1630
acer,intel,i7,6,2.6,4.5,ddr4,16,0,512,nvidia,4096,1500,1690,led ips,15.6,1920,1080,90,2.35,windows pro 10.00,55,1630
lenovo,intel,i7,6,2.6,5,ddr4,16,0,512,nvidia,4096,1500,1690,led ips,15.6,1920,1080,90,1.8,windows pro 10.00,80,1639
dell,intel,i7,6,2.6,5,ddr4,8,0,256,intel,1700,350,1150,led ips,15.6,1920,1080,100,2.49,linux ubuntu 0.00,95,1639
asus,intel,i7,6,2.2,4.1,ddr4,16,0,512,nvidia,3072,1405,1708,led ips,17.3,1920,1080,90,2.75,windows home 10.00,64,1645
acer,amd,ryzen5,4,2.1,3.7,ddr4,8,0,512,nvidia,4096,1395,1560,led ips,15.6,1920,1080,60,2.15,windows home 10.00,55,1645
apple,intel,i5,4,2,3.8,ddr4,16,0,512,intel,8192,300,1050,led ips,13.3,2560,1600,100,1.4,macos  11.00,58,1649
lenovo,intel,i7,6,2.6,5,ddr4,16,0,1024,nvidia,4096,1530,1725,led ips,15.6,1920,1080,90,2,windows home 10.00,69,1650.5
dell,intel,i7,6,2.6,4.3,ddr4,8,0,512,intel,1700,350,1150,led ips,15.6,1920,1080,90,2.6,windows pro 10.00,64,1650.5
hp,intel,i7,6,2.6,4.5,ddr4,16,1000,512,nvidia,6144,960,1200,led ips,15.6,1920,1080,90,2.23,windows home 10.00,69,1650.5
acer,intel,i7,6,2.6,5,ddr4,16,0,512,nvidia,8192,930,1155,led ips,15.6,1920,1080,100,2.1,windows home 10.00,84,1658.5
dell,intel,i7,6,2.3,4.6,ddr4,32,0,512,nvidia,4096,1500,1690,led ips,15.6,1920,1080,100,1.8,windows pro 10.00,97,1673.5
dell,intel,i5,4,1.6,4.1,ddr4,16,0,256,intel,1700,300,1100,led ips,15.6,1920,1080,60,1.82,windows pro 10.00,42,1691.5
dell,intel,i5,4,1.6,4.2,ddr4,8,0,256,intel,1700,300,1100,led ips,14,1920,1080,90,1.36,windows pro 10.00,52,1692.5
asus,intel,i7,4,2.8,4.7,ddr4,16,0,1024,intel,8192,400,1300,led ips,13.9,3300,2200,100,1.35,windows pro 10.00,67,1699.5
asus,intel,i7,4,1.3,3.9,ddr4,16,0,1024,intel,8192,300,1100,led ips,13.9,3300,2200,100,1.35,windows pro 10.00,67,1699.5
dell,intel,i7,6,2.6,4.3,ddr4,16,0,512,intel,1700,350,1150,led ips,15.6,1920,1080,90,2.6,windows pro 10.00,64,1700
asus,intel,i7,4,2.8,4.7,ddr4,16,0,1024,intel,8192,400,1300,led ips,14,1920,1080,90,0.86,windows pro 10.00,66,1700
acer,intel,i7,4,2.8,4.7,ddr4,16,0,1024,nvidia,2048,1531,1594,led ips,14,1920,1080,100,1.5,windows home 10.00,56,1700
lenovo,intel,i7,6,2.6,4.5,ddr4,16,0,512,nvidia,4096,1200,1620,led ips,15.6,1920,1080,90,1.72,windows pro 10.00,80,1720
lenovo,intel,i5,4,1.8,4,ddr4,16,0,512,intel,8192,400,1100,led ips,13,2160,1350,100,1.03,windows pro 10.00,48,1727
hp,intel,i7,6,2.6,4.5,ddr4,16,0,512,nvidia,4096,1493,1519,led ips,15.6,3840,2160,100,2.26,windows pro 10.00,95.6,1742
dell,intel,i7,6,2.3,4.6,ddr4,16,0,512,nvidia,4096,1266,1354,led ips,15.6,1920,1080,60,1.97,windows pro 10.00,51,1748
dell,intel,i5,4,1.6,4.1,ddr4,32,0,256,intel,1700,300,1100,led ips,13.3,1920,1080,90,1.42,chrome os  0.00,42,1761.5
dell,intel,i5,4,2.6,4.6,ddr4,8,0,256,intel,1700,350,1100,led ips,15.6,1920,1200,100,1.84,linux ubuntu 0.00,86,1768.5
dell,intel,i7,6,2.2,4.1,ddr4,16,0,512,nvidia,4096,1152,1417,led ips,15.6,1920,1080,100,2,windows home 10.00,97,1779.5
asus,intel,i7,4,1.8,4.6,ddr3,16,0,512,intel,1700,300,1150,led ips,13.3,3840,2160,100,1,windows pro 10.00,50,1790.5
lenovo,intel,i5,4,2.5,4.5,ddr4,32,0,1024,nvidia,3072,1366,1442,led ips,15.6,1920,1080,50,2.07,windows pro 10.00,68,1799.5
asus,amd,ryzen7,4,2.3,4,ddr4,8,0,512,nvidia,4096,1395,1560,led ips,17.3,1920,1080,90,2.75,windows home 10.00,64,1799.5
asus,amd,ryzen7,8,2.9,4.2,ddr4,12,0,2048,nvidia,4096,1395,1560,led ips,14,1920,1080,100,1.6,windows home 10.00,76,1799.5
dell,intel,i7,6,2.3,4.6,ddr4,32,0,256,intel,1700,350,1150,led ips,15.6,1920,1080,60,1.82,windows pro 10.00,68,1800
asus,intel,i7,8,2.3,5.1,ddr4,16,0,1024,nvidia,8192,1140,1380,led ips,15.6,1920,1080,100,2.57,windows home 10.00,66,1800
asus,intel,i7,4,1.8,4.9,ddr3,16,0,512,intel,1700,300,1150,led ips,13.3,1920,1080,100,1.27,windows home 10.00,50,1800
hp,intel,i7,8,2.3,5.1,ddr4,32,0,1024,nvidia,8192,1140,1380,led ips,17.3,1920,1080,90,2.14,windows pro 10.00,91.24,1800
hp,intel,i5,4,2.5,4.3,ddr4,16,0,256,nvidia,4096,1500,1690,led ips,15.6,1920,1080,60,2.6,windows pro 10.00,90,1810
lenovo,intel,i7,4,1.3,3.9,ddr4,16,0,512,intel,8192,300,1100,led ips,14,1920,1080,100,1.25,windows pro 10.00,52,1847
asus,intel,i7,6,2.6,4.5,ddr4,16,0,1024,nvidia,6144,960,1200,led ips,15.6,1920,1080,100,2.4,windows home 10.00,66,1879.5
lenovo,intel,i5,4,1.8,4,ddr4,16,0,1024,intel,8192,400,1100,led ips,13,2160,1350,100,1.03,windows pro 10.00,48,1883.5
lenovo,intel,i5,4,1.6,4.2,ddr3,8,0,1024,intel,1700,300,1100,led ips,14,3840,2160,100,1.36,windows home 10.00,51,1899.5
dell,intel,i7,6,2.6,4.5,ddr4,16,0,512,nvidia,6144,960,1200,led ips,15.6,1920,1080,90,2.16,windows home 10.00,76,1899.5
acer,intel,i7,6,2.6,4.5,ddr4,16,0,1024,nvidia,6144,960,1200,led ips,15.6,3840,2160,100,2.1,windows home 10.00,84,1899.5
lenovo,intel,i5,4,1.6,4.2,ddr4,48,0,1024,intel,1700,300,1100,led ips,15.6,1920,1080,60,1.89,linux ubuntu 0.00,57,1904
dell,intel,i5,4,1.6,4.2,ddr4,8,0,128,intel,1700,300,1100,led ips,15.6,1920,1080,100,1.4,windows pro 10.00,88,1919
hp,intel,i7,6,2.6,4.5,ddr4,16,0,512,nvidia,8192,885,1185,led ips,15.6,1920,1080,100,2.35,windows home 10.00,72,1920
acer,intel,i7,6,2.6,4.5,ddr4,16,0,512,nvidia,4096,1500,1690,led ips,15.6,3840,2160,100,2.5,windows pro 10.00,55,1930
asus,intel,i5,4,1.6,3.9,ddr3,8,0,256,intel,1700,300,1100,led ips,14,1920,1080,90,1.4,windows home 10.00,57,1936
lenovo,intel,i7,6,2.6,5,ddr4,8,0,256,nvidia,8192,930,1155,led ips,15.6,1920,1080,90,2.74,windows home 10.00,94,1942
dell,intel,i7,6,2.6,4.5,ddr4,32,2000,1024,nvidia,6144,960,1200,led ips,15.6,1920,1080,90,2.85,windows home 10.00,60,1970.5
asus,intel,i7,6,2.6,4.5,ddr4,16,0,1024,nvidia,8192,1080,1285,led ips,15.6,1920,1080,100,1.9,windows home 10.00,76,1976.5
lenovo,intel,i7,6,2.6,4.5,ddr4,16,0,1024,nvidia,4096,1020,1245,oled,15.6,3840,2160,100,1.74,windows pro 10.00,80,1980.5
dell,intel,i7,4,1.8,4.6,ddr4,16,1000,0,nvidia,2048,1227,1468,led ips,17.3,1920,1080,80,2.94,windows home 10.00,56,1989.5
dell,intel,i7,4,1.9,4.2,ddr4,16,0,256,intel,1700,300,1150,led ips,15.6,1920,1080,0,1.88,windows pro 10.00,68,1999.5
dell,intel,i7,4,1.8,4.6,ddr4,16,0,512,nvidia,2048,1227,1468,led ips,17.3,1920,1080,80,2.94,windows home 10.00,56,1999.5
dell,intel,i7,6,2.3,4.6,ddr4,32,0,512,nvidia,4096,1500,1710,led ips,15.6,1920,1080,60,2.52,windows pro 10.00,64,1999.5
asus,intel,i7,4,1.8,4,ddr3,16,0,512,intel,1700,300,1150,led ips,14,1920,1080,80,1.1,windows pro 10.00,46,1999.5
asus,intel,i7,4,1.8,4,ddr4,8,1000,256,nvidia,2048,1227,1468,led ips,15.6,1920,1080,70,1.7,windows home 10.00,42,1999.5
asus,intel,i7,6,2.2,4.1,ddr4,16,0,512,nvidia,8192,1443,1645,led ips,15.6,1920,1080,90,2.45,windows home 10.00,66,1999.5
asus,intel,i7,6,2.6,4.5,ddr4,16,0,1024,nvidia,8192,1215,1440,led ips,15.6,1920,1080,100,2,windows pro 10.00,76,1999.5
asus,intel,i7,4,1.8,4.6,ddr4,16,0,512,nvidia,2048,1227,1468,led ips,14,1920,1080,90,1.19,windows home 10.00,50,1999.5
asus,intel,i7,6,2.6,4.5,ddr4,16,0,1024,nvidia,6144,600,1215,led ips,17,1920,1200,100,2.39,windows pro 10.00,57,1999.5
asus,intel,i7,6,2.6,4.5,ddr4,32,0,1024,nvidia,6144,960,1200,led ips,15.6,3840,2160,100,1.98,windows pro 10.00,76,1999.5
asus,intel,i7,6,2.6,4.5,ddr4,32,0,1024,nvidia,6144,960,1200,led ips,17,1920,1200,100,2.39,windows pro 10.00,57,1999.5
asus,intel,i7,6,2.2,4.1,ddr4,16,0,256,nvidia,3072,1405,1708,led ips,17.3,1920,1080,90,2.75,windows home 10.00,64,1999.5
acer,intel,i7,6,2.2,4.1,ddr4,8,1000,128,nvidia,4096,1493,1620,led ips,15.6,1920,1080,60,2.4,windows home 10.00,48,1999.5
acer,intel,i7,4,1.8,4.6,ddr4,12,0,512,nvidia,2048,1519,1582,led ips,15.6,1920,1080,60,1.8,windows home 10.00,48,1999.5
dell,intel,i7,6,2.2,4.1,ddr4,16,0,1024,nvidia,4096,1152,1417,led ips,15.6,1920,1080,100,2,windows pro 10.00,97,2000
asus,intel,i7,6,2.6,5,ddr4,16,0,1024,nvidia,6144,960,1200,led ips,17.3,1920,1080,100,2.6,windows home 10.00,76,2000
hp,intel,i7,6,2.6,4.3,ddr4,32,1000,1024,nvidia,4096,1557,1607,led ips,15.6,1920,1080,0,2.63,windows pro 10.00,90,2000
asus,intel,i7,4,1.8,4.9,ddr4,16,0,2048,nvidia,2048,1519,1582,led ips,14,1920,1080,90,1.5,windows pro 10.00,70,2009
asus,intel,i7,4,2.8,4.7,ddr4,16,0,1024,nvidia,4096,1035,1200,led ips,15.6,3840,2160,0,1.9,windows home 10.00,96,2039
acer,intel,i7,6,2.6,4.5,ddr4,16,0,512,nvidia,4096,1395,1560,led ips,17.3,1920,1080,0,2.5,windows home 10.00,58.75,2039
dell,intel,i7,8,2.9,4.8,ddr4,16,0,512,amd,8192,1465,1720,led ips,17.3,1920,1080,90,4.7,windows home 10.00,90,2044
asus,amd,ryzen7,8,2.9,4.2,ddr4,24,0,4096,nvidia,6144,1140,1335,led ips,14,1920,1080,100,1.7,windows home 10.00,76,2074.5
dell,intel,i5,4,2.6,4.6,ddr4,8,0,256,intel,1700,350,1100,led ips,17.3,1920,1200,100,2.13,linux ubuntu 0.00,97,2087.5
apple,intel,i5,4,1.4,3.9,ddr3,16,0,1024,intel,128,300,1050,led ips,13.3,2560,1600,100,1.37,macos  11.00,58,2099.5
asus,intel,i7,8,2.3,5.1,ddr4,16,0,1024,nvidia,8192,1140,1380,led ips,15.6,1920,1080,100,2,windows home 10.00,76,2100
asus,intel,i7,6,2.6,4.5,ddr4,64,2000,2048,nvidia,8192,1215,1440,led ips,15.6,1920,1080,100,2.57,windows home 10.00,66,2100
asus,intel,i7,6,2.6,5,ddr4,24,0,4096,nvidia,4096,1530,1725,led ips,15.6,1920,1080,90,2,windows home 10.00,42,2107
lenovo,intel,i7,6,2.6,5,ddr4,16,0,512,nvidia,8192,930,1155,led ips,15.6,1920,1080,90,2.74,windows pro 10.00,94,2153.5
lenovo,intel,i5,4,2.5,4.5,ddr4,16,0,2560,nvidia,4096,1266,1354,led ips,15.6,1920,1080,60,2.07,windows pro 10.00,68,2160.5
asus,intel,i7,6,2.6,4.5,ddr4,16,0,1024,nvidia,6144,960,1200,oled,15.6,3840,2160,100,2.5,windows pro 10.00,71,2187.5
lenovo,intel,i7,6,2.6,5,ddr4,32,0,1536,nvidia,4096,1500,1690,led ips,17.3,1920,1080,90,3.5,windows home 10.00,94,2192.5
apple,intel,i7,6,2.6,4.5,ddr4,16,0,512,amd,4096,1000,1250,led ips,16.1,3072,1920,100,2,macos  11.00,100,2199.5
lenovo,intel,i7,4,2.8,3.8,ddr4,32,0,256,nvidia,2048,977,977,led ips,17.3,1920,1080,0,3.4,windows pro 10.00,96,2199.5
lenovo,intel,i7,4,3,4.8,ddr4,16,0,2048,intel,8192,400,1350,led ips,14,1920,1080,100,1.44,windows home 10.00,60,2199.5
asus,intel,i7,6,2.6,5,ddr4,16,0,1024,nvidia,8192,1140,1380,led ips,17.3,1920,1080,100,2.6,windows home 10.00,76,2200
dell,intel,i7,6,2.3,4.6,ddr4,16,0,2048,nvidia,4096,1500,1690,led ips,15.6,1920,1080,100,1.8,windows home 10.00,97,2231
acer,intel,i7,6,2.6,5,ddr4,64,2000,2048,nvidia,6144,960,1200,led ips,15.6,1920,1080,90,2.5,windows home 10.00,59,2239
dell,intel,i5,4,2.6,4.6,ddr4,16,0,768,intel,1700,350,1100,led ips,15.6,1920,1200,100,1.84,windows home 10.00,86,2260.5
hp,intel,i5,4,2.6,4.6,ddr4,16,0,256,nvidia,8192,1080,1285,led ips,15.6,1920,1080,90,2.02,linux ubuntu 0.00,83,2262.5
hp,intel,i7,6,2.6,4.5,ddr4,16,0,512,nvidia,4096,1500,1690,led ips,17.3,1920,1080,90,3.2,windows pro 10.00,95.6,2268.5
asus,intel,i7,6,2.6,4.5,ddr4,32,0,2048,nvidia,6144,960,1200,led ips,15.6,3840,2160,100,1.98,windows pro 10.00,76,2279.5
asus,intel,i7,6,2.6,5,ddr4,16,0,1024,nvidia,6144,960,1200,oled,15.6,3840,2160,100,2.5,windows pro 10.00,71,2300
lenovo,intel,i7,4,1.9,4.8,ddr3,8,0,512,intel,1700,300,1150,led ips,14,1920,1080,100,1.36,windows pro 10.00,51,2369.5
apple,intel,i5,4,2,3.8,ddr4,32,0,1024,intel,8192,300,1050,led ips,13.3,2560,1600,100,1.4,macos  11.00,58,2399.5
lenovo,intel,i7,4,2.8,3.8,ddr4,32,0,1024,nvidia,2048,977,977,led ips,17.3,1920,1080,0,3.4,windows pro 10.00,96,2399.5
asus,intel,i7,8,2.3,5.1,ddr4,32,0,1024,nvidia,8192,735,1080,led ips,15.6,1920,1080,100,2,windows home 10.00,76,2407
lenovo,intel,i5,5,1.4,3,ddr4,8,0,256,intel,8192,200,500,oled,13.3,2048,1536,100,1,windows home 10.00,50,2498.5
apple,intel,i7,6,2.6,4.5,ddr4,16,0,256,amd,4096,850,925,led ips,15.4,2880,1800,100,1.83,macos  11.00,83,2499.5
lenovo,intel,i7,6,2.2,4.1,ddr4,16,0,512,nvidia,4096,1493,1519,led ips,15.6,3840,2160,100,2.9,windows pro 10.00,90,2499.5
acer,intel,i7,6,2.6,5,ddr4,16,0,1024,nvidia,6144,960,1200,led ips,15.6,3840,2160,100,2.5,windows pro 10.00,84,2499.5
hp,intel,i7,6,2.6,4.5,ddr4,16,0,1024,nvidia,8192,885,1185,oled,15.6,3840,2160,100,2.35,windows home 10.00,72,2500
hp,intel,i7,6,2.6,4.5,ddr4,16,0,512,intel,1700,350,1150,led ips,15.6,1920,1080,60,2.6,windows pro 10.00,90,2560.5
lenovo,intel,i5,4,2.5,4.5,ddr4,64,0,2048,nvidia,4096,1266,1354,led ips,15.6,1920,1080,60,2.07,windows pro 10.00,68,2588.5
acer,intel,i7,6,2.2,4.1,ddr4,16,0,512,nvidia,6144,960,1200,led ips,15.6,1920,1080,90,2,windows home 10.00,82,2601
asus,intel,i7,6,2.6,5,ddr4,24,0,2048,nvidia,8192,1140,1380,led ips,17.3,1920,1080,100,2.6,windows home 10.00,76,2659.5
asus,intel,i7,6,2.6,4.5,ddr4,32,0,4096,nvidia,6144,960,1200,led ips,15.6,3840,2160,100,1.98,windows pro 10.00,76,2679.5
hp,intel,i7,6,2.6,4.5,ddr4,16,0,512,intel,1700,350,1150,led ips,17.3,1920,1080,90,3.2,windows pro 10.00,95.6,2711
dell,intel,i5,4,2.6,4.6,ddr4,16,0,2048,intel,1700,350,1100,led ips,15.6,1920,1200,100,1.84,windows home 10.00,86,2757.5
lenovo,intel,i7,6,2.6,5,ddr4,32,0,3072,nvidia,4096,1500,1690,led ips,15.6,1920,1080,90,1.8,windows home 10.00,80,2837
lenovo,intel,i5,5,1.4,3,ddr4,8,0,512,intel,8192,200,500,oled,13.3,2048,1536,100,1,windows pro 10.00,50,2899.5
asus,intel,i7,4,2.8,3.8,ddr4,16,0,1024,nvidia,4096,1493,1620,led ips,15.6,1920,1080,100,1.8,windows pro 10.00,73,2900
acer,intel,i7,6,2.6,4.5,ddr4,32,0,1024,nvidia,6144,513,1390,led ips,15.6,3840,2160,100,2.1,windows pro 10.00,84,2900
asus,intel,i7,6,2.6,4.5,ddr4,32,0,4096,nvidia,6144,1455,1590,led ips,15.6,1920,1080,90,1.9,windows pro 10.00,76,2929
asus,intel,i7,6,2.2,4.1,ddr4,16,0,128,nvidia,4096,1493,1620,led tn wva,15.6,1920,1080,90,2.58,windows home 10.00,64,2967.5
dell,intel,i7,6,2.6,4.5,ddr4,16,0,512,nvidia,6144,960,1200,led ips,17.3,1920,1080,90,2.63,windows home 10.00,76,2998.5
asus,intel,i7,6,2.6,4.5,ddr4,16,0,512,nvidia,8192,1080,1285,led ips,15.6,1920,1080,90,2.1,windows home 10.00,60,2998.5
lenovo,intel,i7,4,1.8,4,ddr4,16,0,1024,intel,1700,300,1150,led ips,13.9,3840,2160,90,1.37,windows home 10.00,70,2999.5
asus,intel,i7,8,2.3,5.1,ddr4,32,0,1024,nvidia,8192,735,1080,led ips,17.3,1920,1080,100,2.6,windows home 10.00,76,2999.5
asus,intel,i7,4,2.8,3.8,ddr4,16,0,512,nvidia,4096,1493,1620,led ips,15.6,1920,1080,100,1.8,windows pro 10.00,73,2999.5
dell,intel,i7,6,2.2,4.1,ddr4,16,1000,256,nvidia,8192,1443,1645,led ips,17.3,1920,1080,90,4.42,windows home 10.00,99,3000
asus,intel,i7,8,2.3,5.1,ddr4,32,0,2048,nvidia,8192,930,1155,led ips,15.6,1920,1080,100,2.4,windows home 10.00,90,3000
asus,intel,i7,6,2.6,5,ddr4,32,0,6144,nvidia,8192,1215,1440,led ips,17.3,1920,1080,100,2.85,windows pro 10.00,66,3019
asus,intel,i7,6,2.6,4.5,ddr4,48,0,4096,nvidia,6144,1455,1590,led ips,15.6,1920,1080,90,1.9,windows pro 10.00,76,3029
lenovo,intel,i5,5,1.4,3,ddr4,8,0,1024,intel,8192,200,500,oled,13.3,2048,1536,100,1,windows pro 10.00,50,3099.5
apple,intel,i7,6,2.6,4.5,ddr4,32,0,512,amd,4096,850,925,led ips,15.4,2880,1800,100,1.83,macos  11.00,83,3099.5
dell,intel,i5,4,2.6,4.6,ddr4,64,0,1024,intel,1700,350,1100,led ips,17.3,1920,1200,100,2.13,windows home 10.00,97,3205
apple,intel,i7,6,2.6,4.5,ddr4,32,0,1024,amd,4096,850,925,led ips,15.4,2880,1800,100,1.83,macos  11.00,83,3230
asus,amd,ryzen7,8,2.9,4.2,ddr4,40,0,8192,nvidia,6144,1140,1335,led ips,14,1920,1080,100,1.7,windows home 10.00,76,3319
apple,intel,i5,4,2,3.8,ddr4,32,0,4096,intel,8192,300,1050,led ips,13.3,2560,1600,100,1.4,macos  11.00,58,3399.5
asus,intel,i7,6,2.6,4.5,ddr4,16,0,1024,nvidia,8192,1215,1440,led ips,17.3,1920,1080,90,2.7,windows home 10.00,76,3399.5
dell,intel,i5,4,2.6,4.6,ddr4,64,0,1536,intel,1700,350,1100,led ips,17.3,1920,1200,100,2.13,windows pro 10.00,97,3408
lenovo,intel,i7,6,2.6,5,ddr4,128,0,1024,nvidia,8192,930,1155,led ips,15.6,1920,1080,90,2.74,windows pro 10.00,94,3492.5
asus,intel,i7,6,2.6,4.5,ddr4,32,2000,2048,nvidia,8192,1215,1440,led ips,17.3,1920,1080,90,2.85,windows home 10.00,66,3599.5
dell,intel,i7,6,2.6,5,ddr4,64,0,3072,intel,1700,350,1150,led ips,17.3,1920,1080,60,3.13,windows pro 10.00,95,3611
lenovo,intel,i7,6,2.6,5,ddr4,32,0,6144,nvidia,4096,1500,1690,led ips,15.6,1920,1080,90,1.8,windows home 10.00,80,3657.5
asus,intel,i7,8,2.3,5.1,ddr4,40,0,6144,nvidia,8192,1140,1380,led ips,15.6,1920,1080,100,2,windows home 10.00,76,3699.5
dell,intel,i7,6,2.6,5,ddr4,32,0,3072,intel,1700,350,1150,led ips,15.6,1920,1080,100,2.49,windows home 10.00,95,3708
asus,intel,i7,6,2.6,4.5,ddr4,48,0,1024,nvidia,16384,600,1350,led ips,15.6,3840,2160,100,1.95,windows pro 10.00,76,3891.5
apple,intel,i7,6,2.6,4.5,ddr4,32,0,4096,amd,4096,1000,1250,led ips,16.1,3072,1920,100,2,macos  11.00,100,3999.5
asus,intel,i7,8,2.3,5.1,ddr4,48,0,6144,nvidia,8192,735,1080,led ips,15.6,1920,1080,100,2,windows home 10.00,76,4129
dell,intel,i7,6,2.6,5,ddr4,128,0,2048,intel,1700,350,1150,led ips,17.3,1920,1080,60,3.13,windows home 10.00,95,4131
lenovo,intel,i7,6,2.6,5,ddr4,128,0,6144,nvidia,4096,1500,1690,led ips,17.3,1920,1080,90,3.5,windows home 10.00,94,4224
acer,intel,i7,6,2.6,4.5,ddr4,32,0,1024,nvidia,8192,1380,1590,led ips,17.3,3840,2160,100,4.5,windows pro 10.00,72,4289.5
asus,intel,i7,6,2.6,4.5,ddr4,32,0,1024,nvidia,8192,990,1230,led ips,17.3,1920,1080,90,2.7,windows pro 10.00,76,4300
dell,intel,i7,6,2.6,5,ddr4,128,0,2560,intel,1700,350,1150,led ips,15.6,1920,1080,100,2.49,windows home 10.00,95,5136
